County,Year,Total_Houses,Vacancy Rate,Persons per Household,incident_count,population,has_state_park,has_national_park,Elevation (ft),Date.1,ppt,tmin,tmean,tmax ,tdmean,vpdmin,vpdmax,Land Area,Water Area,Total Area
Alameda,2013,589036,0.058,2.76,3,"1,575,139",1,0,587,2013,5.59,46.4,59.1,71.7,41.3,1.73,18.75,1914.046,213.185,2127.231
Alameda,2014,592364,0.057,2.78,0,"1,597,747",1,0,587,2014,21.21,49.7,61.7,73.7,44.4,1.93,19.82,1914.046,213.185,2127.231
Alameda,2015,595506,0.056,2.8,1,"1,622,205",1,0,587,2015,13.19,49,60.9,72.8,43.9,1.81,19.17,1914.046,213.185,2127.231
Alameda,2016,598788,0.053,2.81,1,"1,641,983",1,0,587,2016,27.28,48.7,60.3,71.9,44.6,1.65,18.11,1914.046,213.185,2127.231
Alameda,2017,602915,0.052,2.81,5,"1,656,919",1,0,587,2017,32.14,48.5,60.3,72,43.1,1.86,19.04,1914.046,213.185,2127.231
Alameda,2018,608799,0.05,2.79,8,"1,666,247",1,0,587,2018,19.28,47.4,59.5,71.7,42.9,1.5,18.27,1914.046,213.185,2127.231
Alameda,2019,613663,0.048,2.78,9,"1,675,964",1,0,587,2019,25.34,48.1,59.6,71,44.5,1.48,17.4,1914.046,213.185,2127.231
Alameda,2020,1682353,0.048752488,2.753257070225612,2,"1,682,353",1,0,587,2020,8.94,48.3,60.9,73.5,43.7,1.83,20.67,1914.046,213.185,2127.231
Alameda,2021,1666341,0.050039699,2.728159895062559,0,1666341,1,0,587,2021,21.46,47.1,59.7,72.3,43.9,1.55,19.71,1914.046,213.185,2127.231
Alameda,2022,1643683,0.04885494,2.644555499290227,4,1643683,1,0,587,2022,14.81,46.5,59.6,72.7,43.6,1.48,20.05,1914.046,213.185,2127.231
Alameda,2023,1650656,0.04914702,2.621324143897907,1,1650656,1,0,587,2023,29.93,47.1,58.5,69.9,45.5,1.15,16.4,1914.046,213.185,2127.231
Alameda,2024,1641869,0.049242559,2.584372928930646,12,1641869,1,0,587,2024,17.01,42.3,60.36,90.1,47.69,0.27,35.52,1914.046,213.185,2127.231
Alpine,2013,1696,0.706,2.3,0,1180,1,0,7736,2013,16.98,31.6,43.6,55.7,17.4,3.02,13.43,1912.272,12.557,1924.829
Alpine,2014,1674,0.7,2.28,0,1185,1,0,7736,2014,34.07,34.2,45.5,56.8,19.5,3.27,13.46,1912.272,12.557,1924.829
Alpine,2015,1649,0.69,2.25,1,1190,1,0,7736,2015,34.07,33.7,44.9,56.1,20.4,3.28,13.07,1912.272,12.557,1924.829
Alpine,2016,1628,0.688,2.27,1,1196,1,0,7736,2016,44.72,33.3,44.5,55.7,19.2,3.5,13.23,1912.272,12.557,1924.829
Alpine,2017,1605,0.68,2.25,0,1201,1,0,7736,2017,70.92,32.7,43.9,55.1,20.6,3.13,12.62,1912.272,12.557,1924.829
Alpine,2018,1578,0.676,2.26,0,1205,1,0,7736,2018,35.39,33.3,44.6,55.9,18.8,3.74,13.51,1912.272,12.557,1924.829
Alpine,2019,1558,0.669,2.23,0,1201,1,0,7736,2019,52.02,31,42,53,20.5,2.78,11.5,1912.272,12.557,1924.829
Alpine,2020,1204,0.6558441558441559,2.175471698113208,0,1204,1,0,7736,2020,23.02,32.6,44.7,56.7,19.3,3.54,14.2,1912.272,12.557,1924.829
Alpine,2021,1195,0.6658064516129032,2.2084942084942085,2,1195,1,0,7736,2021,42.21,33.6,44.8,56.1,22.2,2.7,13.27,1912.272,12.557,1924.829
Alpine,2022,1190,0.6567357512953368,2.1490566037735848,0,1190,1,0,7736,2022,30.17,32.3,44,55.8,21.7,2.64,13.23,1912.272,12.557,1924.829
Alpine,2023,1183,0.6580645161290323,2.1358490566037736,0,1183,1,0,7736,2023,55.56,29.9,41.2,52.4,23.7,1.69,10.98,1912.272,12.557,1924.829
Alpine,2024,1179,0.6580645161290323,2.128301886792453,0,1179,1,0,7736,2024,27.64,18.3,44.04,79.4,25.01,0.42,27.93,1912.272,12.557,1924.829
Amador,2013,18309,0.186,2.27,1,37044,1,0,2503,2013,11.36,46.7,59,71.2,35.3,3.96,20.65,1539.963,29.457,1569.42
Amador,2014,18347,0.183,2.26,1,37089,1,0,2503,2014,36.46,49.4,60.9,72.5,37.9,4.46,21.51,1539.963,29.457,1569.42
Amador,2015,18388,0.18,2.27,1,37453,1,0,2503,2015,29.37,48.7,60.3,71.9,38.1,4.15,21.04,1539.963,29.457,1569.42
Amador,2016,18440,0.179,2.28,4,37663,1,0,2503,2016,48.42,48,59.3,70.5,38.5,3.99,20.21,1539.963,29.457,1569.42
Amador,2017,18504,0.176,2.29,1,38807,1,0,2503,2017,59.95,48.6,59.7,70.8,38.9,4.24,20.63,1539.963,29.457,1569.42
Amador,2018,18581,0.174,2.3,2,39708,1,0,2503,2018,34.29,48.4,59.9,71.5,37.2,4.5,21.1,1539.963,29.457,1569.42
Amador,2019,18683,0.171,2.32,1,40227,1,0,2503,2019,53.61,48.1,58.8,69.5,39.7,3.53,18.73,1539.963,29.457,1569.42
Amador,2020,40474,0.1662855623504386,2.3050133945656333,2,40474,1,0,2503,2020,23.81,49.8,61.1,72.4,38.6,4.92,22.1,1539.963,29.457,1569.42
Amador,2021,40047,0.1670560747663551,2.2875175315568024,2,40047,1,0,2503,2021,38.59,49.7,60.4,71.1,38.5,4.89,21.5,1539.963,29.457,1569.42
Amador,2022,40010,0.1657624440347642,2.2647430231089785,1,40010,1,0,2503,2022,31.73,49.7,60.5,71.3,37.6,5.39,21.85,1539.963,29.457,1569.42
Amador,2023,39924,0.1658626114315678,2.2508958320236374,2,39924,1,0,2503,2023,47.05,48.5,58.1,67.8,41,3.75,17.26,1539.963,29.457,1569.42
Amador,2024,39611,0.1658147298143125,2.218533108234853,0,39611,1,0,2503,2024,28.23,39.6,60.36,93.9,43.62,0.57,42.44,1539.963,29.457,1569.42
Butte,2013,98030,0.086,2.44,5,224391,1,0,676,2013,11.04,48.8,62.6,76.3,38.5,3.9,25.6,4238.423,105.326,4343.749
Butte,2014,98907,0.085,2.44,1,225737,1,0,676,2014,40.15,52.1,64.8,77.6,41.7,4.1,26.52,4238.423,105.326,4343.749
Butte,2015,99682,0.085,2.43,5,227400,1,0,676,2015,17.51,51.3,64.2,77.1,42,3.92,25.85,4238.423,105.326,4343.749
Butte,2016,100555,0.085,2.42,9,228198,1,0,676,2016,51.13,51.3,63.3,75.3,43.1,3.64,23.85,4238.423,105.326,4343.749
Butte,2017,101545,0.084,2.42,18,230412,1,0,676,2017,44.53,51.7,63.8,75.9,42.8,3.91,24.98,4238.423,105.326,4343.749
Butte,2018,102409,0.084,2.41,13,231774,1,0,676,2018,30.95,50.2,63.1,76,40.9,3.84,25.03,4238.423,105.326,4343.749
Butte,2019,88885,0.076,2.71,9,227263,1,0,676,2019,51.47,50.6,62.8,74.9,42.4,3.55,24.09,4238.423,105.326,4343.749
Butte,2020,211632,0.076165223,2.4807368977278186,9,211632,1,0,676,2020,16.62,51.2,64.3,77.4,41.1,4.64,27.28,4238.423,105.326,4343.749
Butte,2021,207403,0.075726775,2.44941349,4,207403,1,0,676,2021,34.55,51.2,64.1,76.9,42.2,4.24,27.74,4238.423,105.326,4343.749
Butte,2022,206184,0.076199631,2.3828763316897827,5,206184,1,0,676,2022,22.79,51,64.5,78.1,40.8,4.78,29.54,4238.423,105.326,4343.749
Butte,2023,206579,0.076348895,2.338395801402629,2,206579,1,0,676,2023,37.55,51.5,62.9,74.2,44.3,3.92,23.51,4238.423,105.326,4343.749
Butte,2024,205928,0.076474873,2.297192886206739,15,205928,1,0,676,2024,26.83,43.4,65.14,101.1,46.59,0.63,57.41,4238.423,105.326,4343.749
Calaveras,2013,27949,0.319,2.37,2,45499,1,0,2192,2013,10.09,45.3,59.3,73.2,37,2.89,22.7,2641.82,43.81,2685.63
Calaveras,2014,27906,0.32,2.37,2,45461,1,0,2192,2014,31.15,49,61.9,74.7,39,4.06,24.01,2641.82,43.81,2685.63
Calaveras,2015,27874,0.318,2.36,1,45395,1,0,2192,2015,26.48,48.3,61.3,74.3,39,3.75,23.59,2641.82,43.81,2685.63
Calaveras,2016,27242,0.322,2.43,6,45402,1,0,2192,2016,42.61,48,60.5,73,39.4,3.85,22.95,2641.82,43.81,2685.63
Calaveras,2017,27313,0.322,2.42,5,45355,1,0,2192,2017,53.92,48.6,60.9,73.2,40.2,4.41,22.99,2641.82,43.81,2685.63
Calaveras,2018,27394,0.319,2.41,3,45367,1,0,2192,2018,32.64,48.3,61,73.7,38.3,4.27,23.56,2641.82,43.81,2685.63
Calaveras,2019,27445,0.319,2.4,2,45324,1,0,2192,2019,48.11,47.5,59.5,71.6,40.5,2.97,20.92,2641.82,43.81,2685.63
Calaveras,2020,45292,0.3159506965210414,2.3891672886235207,4,45292,1,0,2192,2020,20.67,49,61.8,74.7,39.7,4.17,24.38,2641.82,43.81,2685.63
Calaveras,2021,45259,0.3159806735205435,2.378883636943013,4,45259,1,0,2192,2021,32.51,48.5,61.3,74.1,38.8,4.37,24.92,2641.82,43.81,2685.63
Calaveras,2022,45021,0.3160104226983208,2.359047619047619,1,45021,1,0,2192,2022,25.22,48.4,61.3,74.2,38.2,4.65,24.93,2641.82,43.81,2685.63
Calaveras,2023,44899,0.316030424,2.343997048592811,2,44899,1,0,2192,2023,42.67,48.3,59.3,70.4,41.6,3.44,19.59,2641.82,43.81,2685.63
Calaveras,2024,44842,0.3160673874779984,2.3326680672268907,10,44842,1,0,2192,2024,25.24,40.3,61.76,96.9,44.48,0.61,47.51,2641.82,43.81,2685.63
Colusa,2013,7879,0.103,3,0,21418,1,0,135,2013,6.43,47.4,62,76.6,41.6,2.21,24.45,2980.379,14.581,2994.96
Colusa,2014,7945,0.101,2.97,0,21442,1,0,135,2014,18.58,50.5,64.4,78.4,44.8,2.09,25.72,2980.379,14.581,2994.96
Colusa,2015,7998,0.102,2.94,0,21338,1,0,135,2015,8.42,49.8,63.8,77.8,44.4,2.31,25.27,2980.379,14.581,2994.96
Colusa,2016,8026,0.103,2.96,0,21531,1,0,135,2016,16.39,50,63,76.1,45.9,1.8,22.87,2980.379,14.581,2994.96
Colusa,2017,8014,0.102,2.99,1,21773,1,0,135,2017,19.41,50,63.1,76.3,44.7,2.44,23.55,2980.379,14.581,2994.96
Colusa,2018,8039,0.103,3,3,21808,1,0,135,2018,12.26,48.3,62.2,76.1,44.3,1.73,22.03,2980.379,14.581,2994.96
Colusa,2019,8069,0.105,2.98,1,21745,1,0,135,2019,22.7,49.1,61.9,74.7,46.4,1.48,20.68,2980.379,14.581,2994.96
Colusa,2020,21839,0.1076676132855908,2.9941884599418844,3,21839,1,0,135,2020,4.4,49,63.4,77.8,44.5,2.1,24.86,2980.379,14.581,2994.96
Colusa,2021,21774,0.1073982737361282,2.981903577842244,0,21774,1,0,135,2021,13.9,49.1,62.9,76.8,44.8,2.23,24.54,2980.379,14.581,2994.96
Colusa,2022,21722,0.1075531654852114,2.950561490002739,1,21722,1,0,135,2022,9.04,47.7,63.2,78.6,42.6,2.62,28.52,2980.379,14.581,2994.96
Colusa,2023,21831,0.1074249605055291,2.9475833900612662,1,21831,1,0,135,2023,21.27,49.1,61.5,73.9,47.6,1.41,19.38,2980.379,14.581,2994.96
Colusa,2024,21743,0.1072509381430819,2.9248813559322038,1,21743,1,0,135,2024,13.68,43,64.51,98.1,49.65,0.25,45.99,2980.379,14.581,2994.96
Contra Costa,2013,405348,0.056,2.82,3,1090305,1,0,1004,2013,5.25,47.2,58.4,69.7,38.6,2.79,17.52,1854.269,227.485,2081.754
Contra Costa,2014,407511,0.054,2.84,1,1104732,1,0,1004,2014,21.31,50.3,60.5,70.7,41.9,2.75,17.62,1854.269,227.485,2081.754
Contra Costa,2015,409791,0.052,2.85,1,1120530,1,0,1004,2015,10.41,50.2,60.1,70,41.4,2.71,17.18,1854.269,227.485,2081.754
Contra Costa,2016,412360,0.047,2.86,1,1136478,1,0,1004,2016,25.21,49.3,59.2,69.1,42.5,2.53,16.03,1854.269,227.485,2081.754
Contra Costa,2017,415222,0.044,2.86,3,1147957,1,0,1004,2017,31.84,49.1,59.3,69.4,41,2.87,16.97,1854.269,227.485,2081.754
Contra Costa,2018,417394,0.042,2.86,9,1155105,1,0,1004,2018,18.29,48.5,58.9,69.2,40.2,2.74,16.9,1854.269,227.485,2081.754
Contra Costa,2019,419980,0.04,2.85,9,1161077,1,0,1004,2019,25.45,49.1,58.7,68.4,41.7,2.64,15.91,1854.269,227.485,2081.754
Contra Costa,2020,1165927,0.038533857,2.836675028069253,6,1165927,1,0,1004,2020,7.58,49.6,60.5,71.3,40.7,3.37,19.4,1854.269,227.485,2081.754
Contra Costa,2021,1162336,0.038376151,2.8151599191966623,1,1162336,1,0,1004,2021,20.08,48.3,59.3,70.3,42.2,2.94,18.44,1854.269,227.485,2081.754
Contra Costa,2022,1149841,0.038501549,2.768342227787165,4,1149841,1,0,1004,2022,12.92,48,59.2,70.5,41.8,2.95,18.66,1854.269,227.485,2081.754
Contra Costa,2023,1145274,0.038441,2.737361615820164,1,1145274,1,0,1004,2023,29.12,48.9,58.2,67.5,43.6,2.68,14.96,1854.269,227.485,2081.754
Contra Costa,2024,1146626,0.038440958,2.722571220919773,4,1146626,1,0,1004,2024,15.76,45.1,61.04,89.5,45.1,0.67,36.47,1854.269,227.485,2081.754
Del Norte,2013,11154,0.115,2.47,0,27752,1,1,1109,2013,50.24,43,54.5,66,41.6,0.82,13.02,2606.494,578.526,3185.02
Del Norte,2014,11129,0.115,2.46,0,27341,1,1,1109,2014,97.44,46.4,57.5,68.7,44.7,0.97,13.99,2606.494,578.526,3185.02
Del Norte,2015,11102,0.115,2.43,0,26973,1,1,1109,2015,88.47,45.7,57.1,68.5,43.8,1.05,14.94,2606.494,578.526,3185.02
Del Norte,2016,11076,0.116,2.46,1,26960,1,1,1109,2016,125.56,44.7,55.8,66.9,43.8,0.74,13.97,2606.494,578.526,3185.02
Del Norte,2017,11082,0.115,2.51,3,27158,1,1,1109,2017,117.16,44.5,55.1,65.7,42.5,1.09,13.36,2606.494,578.526,3185.02
Del Norte,2018,11066,0.116,2.48,0,27269,1,1,1109,2018,77.12,44.1,55.3,66.6,42,0.98,13.86,2606.494,578.526,3185.02
Del Norte,2019,11064,0.116,2.51,0,27567,1,1,1109,2019,98.56,44.1,54.9,65.7,43,0.87,13.12,2606.494,578.526,3185.02
Del Norte,2020,27743,0.1156898106402164,2.511063526,0,27743,1,1,1109,2020,76.04,44.4,55.5,66.6,43.2,1.06,14.02,2606.494,578.526,3185.02
Del Norte,2021,27450,0.1211685393258427,2.5373836555180524,0,27450,1,1,1109,2021,91.38,43.6,54.9,66.2,43.9,0.77,13.82,2606.494,578.526,3185.02
Del Norte,2022,26982,0.1159459217476944,2.489366011748025,0,26982,1,1,1109,2022,65.84,43.4,54.3,65.2,43.7,0.91,13.51,2606.494,578.526,3185.02
Del Norte,2023,26586,0.1168611383272467,2.464851235501765,1,26586,1,1,1109,2023,89.39,45.2,54.9,64.5,44.7,0.99,13.15,2606.494,578.526,3185.02
Del Norte,2024,26345,0.116907271,2.4477986159863603,0,26345,1,1,1109,2024,78.78,38.9,55.05,81.5,45.84,0.17,28.97,2606.494,578.526,3185.02
El Dorado,2013,88762,0.202,2.51,4,179663,1,0,3980,2013,18.61,45.7,56.8,68,30.6,4.9,19.36,4423.397,203.243,4626.64
El Dorado,2014,89306,0.2,2.5,4,180132,1,0,3980,2014,45.59,47.9,58.6,69.2,33.4,5.04,19.86,4423.397,203.243,4626.64
El Dorado,2015,89738,0.2,2.5,1,180914,1,0,3980,2015,34.48,47.4,58,68.7,33.6,4.93,19.24,4423.397,203.243,4626.64
El Dorado,2016,90209,0.2,2.5,4,181630,1,0,3980,2016,66.9,46.4,57,67.5,34,4.7,18.86,4423.397,203.243,4626.64
El Dorado,2017,90976,0.199,2.49,9,182695,1,0,3980,2017,86.96,46.9,57.2,67.4,34.6,5.02,18.9,4423.397,203.243,4626.64
El Dorado,2018,92457,0.196,2.47,5,185303,1,0,3980,2018,43.08,46.9,57.7,68.5,33,4.97,19.62,4423.397,203.243,4626.64
El Dorado,2019,92788,0.194,2.48,6,186714,1,0,3980,2019,70.5,45.9,55.9,65.9,35.7,3.92,16.74,4423.397,203.243,4626.64
El Dorado,2020,191185,0.1941540864690211,2.520565586829527,6,191185,1,0,3980,2020,31.62,48,58.7,69.5,34,5.49,20.71,4423.397,203.243,4626.64
El Dorado,2021,190737,0.1968628702079012,2.509103187108563,5,190737,1,0,3980,2021,53.18,48.4,58.5,68.5,34.4,5.17,20.51,4423.397,203.243,4626.64
El Dorado,2022,189294,0.1938318546683566,2.463984383188345,2,189294,1,0,3980,2022,43.85,47.7,58,68.3,33.6,5.69,19.96,4423.397,203.243,4626.64
El Dorado,2023,188067,0.1941581477360986,2.433048099089594,0,188067,1,0,3980,2023,61.9,45.9,54.9,63.9,36.7,3.85,15.14,4423.397,203.243,4626.64
El Dorado,2024,188583,0.194205727,2.439349940749808,5,188583,1,0,3980,2024,33.79,34.7,56.64,90.3,38.95,0.68,36.53,4423.397,203.243,4626.64
Fresno,2013,320859,0.074,3.15,5,953114,1,1,341,2013,3.24,50.7,64.9,79,41.7,4.3,28.12,15431.126,137.816,15568.942
Fresno,2014,322777,0.072,3.14,3,959645,1,1,341,2014,8.22,53.8,67.3,80.7,43.3,4.93,29.71,15431.126,137.816,15568.942
Fresno,2015,325301,0.07,3.14,2,968417,1,1,341,2015,8.99,52.6,65.6,78.7,43.9,4.17,27.14,15431.126,137.816,15568.942
Fresno,2016,328011,0.066,3.13,11,975622,1,1,341,2016,16.26,52,65.3,78.6,44.5,3.61,27.25,15431.126,137.816,15568.942
Fresno,2017,330240,0.064,3.12,24,983436,1,1,341,2017,13.38,52.5,65.4,78.2,44.6,3.96,26.78,15431.126,137.816,15568.942
Fresno,2018,332627,0.061,3.12,5,992091,1,1,341,2018,9.01,52.7,65.9,79.1,43.6,4.39,28.16,15431.126,137.816,15568.942
Fresno,2019,334887,0.058,3.11,3,1000679,1,1,341,2019,14.46,52.5,65.1,77.7,44.6,4.1,26.28,15431.126,137.816,15568.942
Fresno,2020,1008654,0.056568205,3.098892563640008,8,1008654,1,1,341,2020,7.17,52.8,65.9,79,44.7,4.72,27.82,15431.126,137.816,15568.942
Fresno,2021,1008202,0.056496859,3.0888583458777843,4,1008202,1,1,341,2021,10.97,53.2,66.3,79.3,45,4.09,29.24,15431.126,137.816,15568.942
Fresno,2022,1010177,0.056271524,3.0585872794070017,4,1010177,1,1,341,2022,7.15,53.2,66.1,79,44.5,4.99,29.15,15431.126,137.816,15568.942
Fresno,2023,1010914,0.05615143,3.0335930667090723,9,1010914,1,1,341,2023,16.06,52.9,64.8,76.7,47,3.69,24.64,15431.126,137.816,15568.942
Fresno,2024,1017431,0.056059699,3.0303209561946365,35,1017431,1,1,341,2024,9.15,42.3,67.61,103,49.18,0.27,57.8,15431.126,137.816,15568.942
Glenn,2013,10819,0.081,2.77,1,27914,1,0,653,2013,4.78,46.6,62,77.5,38.2,3.25,27.1,3403.107,33.75,3436.857
Glenn,2014,10814,0.079,2.77,0,27946,1,0,653,2014,22.22,49.7,64.1,78.5,41.6,3.23,27.9,3403.107,33.75,3436.857
Glenn,2015,10788,0.077,2.78,0,27966,1,0,653,2015,9.67,49.1,63.8,78.5,41.8,3.18,27.51,3403.107,33.75,3436.857
Glenn,2016,10809,0.074,2.74,0,27714,1,0,653,2016,22.67,49,62.3,75.7,43.4,2.54,24.4,3403.107,33.75,3436.857
Glenn,2017,10815,0.072,2.73,1,27786,1,0,653,2017,20.26,49,62.8,76.7,42.1,3.11,26.25,3403.107,33.75,3436.857
Glenn,2018,10810,0.069,2.73,3,27854,1,0,653,2018,13.45,47.9,62.4,76.8,40.5,3.2,25.99,3403.107,33.75,3436.857
Glenn,2019,10905,0.067,2.71,1,27959,1,0,653,2019,30.04,48.4,61.7,75.1,42.7,2.65,24.18,3403.107,33.75,3436.857
Glenn,2020,28917,0.06590179,2.8083914709639384,4,28917,1,0,653,2020,5.24,48.9,63.6,78.4,41.1,3.66,28.5,3403.107,33.75,3436.857
Glenn,2021,28812,0.065722121,2.7971822717933668,0,28812,1,0,653,2021,14.38,49.7,64.3,78.9,41.4,3.96,30.43,3403.107,33.75,3436.857
Glenn,2022,28777,0.06569873,2.7735042735042734,2,28777,1,0,653,2022,9.22,48.4,64,79.7,40,3.96,31.85,3403.107,33.75,3436.857
Glenn,2023,28330,0.065743005,2.725307744,2,28330,1,0,653,2023,25.7,49.2,62.1,74.9,43.9,2.85,23.84,3403.107,33.75,3436.857
Glenn,2024,28736,0.065440586,2.723633931983187,1,28736,1,0,653,2024,15.91,40,64.15,100.9,46.12,0.37,55.33,3403.107,33.75,3436.857
Humboldt,2013,61633,0.092,2.33,2,135810,1,1,2290,2013,30.29,45,54.3,63.6,39,2.15,10.29,9241.045,1254.256,10495.301
Humboldt,2014,61671,0.091,2.33,2,135895,1,1,2290,2014,62.98,47.8,56.5,65.2,41.4,2.42,10.48,9241.045,1254.256,10495.301
Humboldt,2015,61692,0.091,2.34,4,136542,1,1,2290,2015,49.45,47.7,56.6,65.5,41.3,2.43,11,9241.045,1254.256,10495.301
Humboldt,2016,61740,0.092,2.35,3,137015,1,1,2290,2016,74.66,46.2,54.7,63.2,41.7,1.92,9.36,9241.045,1254.256,10495.301
Humboldt,2017,61783,0.092,2.37,6,138027,1,1,2290,2017,73.36,46.4,54.5,62.6,40.6,2.52,10.15,9241.045,1254.256,10495.301
Humboldt,2018,61854,0.093,2.36,4,137893,1,1,2290,2018,52.4,46,54.6,63.2,39.6,2.53,10.3,9241.045,1254.256,10495.301
Humboldt,2019,61995,0.093,2.34,1,137059,1,1,2290,2019,65.77,45.6,53.6,61.6,41.1,1.91,9.34,9241.045,1254.256,10495.301
Humboldt,2020,136463,0.091725692,2.3323703519903582,4,136463,1,1,2290,2020,47.64,47.8,56,64.1,40.8,2.82,12.3,9241.045,1254.256,10495.301
Humboldt,2021,135130,0.092481938,2.3183230361871137,3,135130,1,1,2290,2021,49.9,46.8,54.5,62.2,41,2.52,11.91,9241.045,1254.256,10495.301
Humboldt,2022,134167,0.091873636,2.279261104483896,3,134167,1,1,2290,2022,47.34,46.9,54.6,62.3,41.8,2.58,11.37,9241.045,1254.256,10495.301
Humboldt,2023,134597,0.091935637,2.2616809390097146,2,134597,1,1,2290,2023,65.94,46.3,53.5,60.7,41.8,2.28,10.41,9241.045,1254.256,10495.301
Humboldt,2024,133100,0.091881319,2.229347599527548,6,133100,1,1,2290,2024,49.25,38.2,53.2,79.7,43.28,0.76,21.9,9241.045,1254.256,10495.301
Imperial,2013,55993,0.113,3.41,0,177731,1,0,-56,2013,3.02,55.9,71.6,87.2,42.5,4.87,36.53,10817.353,790.248,11607.6
Imperial,2014,56023,0.109,3.4,0,178471,1,0,-56,2014,1.25,57.5,73.2,88.8,43.8,4.24,36.84,10817.353,790.248,11607.6
Imperial,2015,56072,0.104,3.4,0,179769,1,0,-56,2015,1.89,57.5,72.7,87.9,43.6,4.99,36.29,10817.353,790.248,11607.6
Imperial,2016,56112,0.099,3.39,0,179897,1,0,-56,2016,2.27,57.6,73.1,88.5,42.6,5.64,38.17,10817.353,790.248,11607.6
Imperial,2017,56162,0.095,3.38,0,180854,1,0,-56,2017,2.27,58.1,73.4,88.7,42.8,5.44,38.13,10817.353,790.248,11607.6
Imperial,2018,56321,0.091,3.37,0,181374,1,0,-56,2018,2.21,58.1,73.2,88.2,41.1,6.15,38.86,10817.353,790.248,11607.6
Imperial,2019,56409,0.086,3.35,0,181025,1,0,-56,2019,3.87,57.7,71.8,85.8,40.9,6.84,37.14,10817.353,790.248,11607.6
Imperial,2020,179702,0.080794702,3.299827089337176,1,179702,1,0,-56,2020,2.89,57.3,72.9,88.6,43.3,6.43,41.29,10817.353,790.248,11607.6
Imperial,2021,180403,0.081093873,3.2987084835651195,0,180403,1,0,-56,2021,2.09,57.2,72.7,88.3,44.9,6.23,39.31,10817.353,790.248,11607.6
Imperial,2022,180394,0.079717527,3.2487617260787998,1,180394,1,0,-56,2022,1.29,56.6,72.2,87.8,44.9,5.85,38.67,10817.353,790.248,11607.6
Imperial,2023,179623,0.079653576,3.203571031,0,179623,1,0,-56,2023,3,54.9,70.6,86.4,44.7,4.97,37.33,10817.353,790.248,11607.6
Imperial,2024,182881,0.079522863,3.245888021265991,1,182881,1,0,-56,2024,1.7,39,73.78,109.7,48.62,0.48,68.58,10817.353,790.248,11607.6
Inyo,2013,9467,0.15,2.26,1,18673,0,1,4957,2013,2.4,45.5,58.6,71.6,22.5,6.66,24.77,26368.354,119.208,26487.562
Inyo,2014,9467,0.15,2.26,1,18771,0,1,4957,2014,4.03,47.2,60.2,73.2,24.9,6.68,25.64,26368.354,119.208,26487.562
Inyo,2015,9460,0.15,2.27,0,18765,0,1,4957,2015,4.12,47,59.2,71.3,26.5,6.42,23.73,26368.354,119.208,26487.562
Inyo,2016,9454,0.149,2.28,2,18876,0,1,4957,2016,4.32,47.4,59.2,71.1,25.2,7.15,24.79,26368.354,119.208,26487.562
Inyo,2017,9459,0.149,2.27,0,18880,0,1,4957,2017,8.05,47.7,59.3,71,25.7,6.59,24.49,26368.354,119.208,26487.562
Inyo,2018,9458,0.149,2.27,4,18906,0,1,4957,2018,3.85,47.1,59.2,71.3,24.7,7.12,25.12,26368.354,119.208,26487.562
Inyo,2019,9460,0.149,2.28,2,18938,0,1,4957,2019,8.85,44.5,56,67.5,26.5,5.77,21.7,26368.354,119.208,26487.562
Inyo,2020,19016,0.150279861,2.284986329,0,19016,0,1,4957,2020,3,47.3,59.5,71.7,24.3,7.79,26.09,26368.354,119.208,26487.562
Inyo,2021,18981,0.1529795746472941,2.2876320696084527,2,18981,0,1,4957,2021,3.07,47.8,59.6,71.3,21.3,8.34,26.18,26368.354,119.208,26487.562
Inyo,2022,18916,0.1503467114940113,2.266971682947941,2,18916,0,1,4957,2022,3.6,48,59.2,70.4,22.6,8.26,24.79,26368.354,119.208,26487.562
Inyo,2023,18890,0.1508344704523984,2.262175525339926,0,18890,0,1,4957,2023,11.24,44.9,55.8,66.7,28.9,5.34,20.35,26368.354,119.208,26487.562
Inyo,2024,18856,0.1507337526205451,2.254134781535424,2,18856,0,1,4957,2024,4.52,32.1,60.41,96.9,31.66,1.17,52.52,26368.354,119.208,26487.562
Kern,2013,288177,0.091,3.17,4,861948,1,0,1004,2013,3.66,50.5,64.4,78.4,39.1,4.72,27.5,21061.565,79.577,21141.142
Kern,2014,290110,0.088,3.16,3,867021,1,0,1004,2014,7.49,53.7,67.4,81.2,40.1,5.7,29.33,21061.565,79.577,21141.142
Kern,2015,292029,0.085,3.15,1,873453,1,0,1004,2015,7.67,52.9,66.2,79.6,41.5,4.74,27.94,21061.565,79.577,21141.142
Kern,2016,293507,0.079,3.13,10,876846,1,0,1004,2016,11.25,52.3,66.3,80.4,42.2,4.52,28.58,21061.565,79.577,21141.142
Kern,2017,295551,0.076,3.11,24,883531,1,0,1004,2017,11.72,52.9,65.9,78.9,42.6,5.03,27.49,21061.565,79.577,21141.142
Kern,2018,297107,0.071,3.11,8,891340,1,0,1004,2018,7.9,52.5,65.5,78.5,41.3,5.27,27.09,21061.565,79.577,21141.142
Kern,2019,298333,0.067,3.11,6,898617,1,0,1004,2019,14.44,51.4,64.4,77.4,41.9,4.38,25.76,21061.565,79.577,21141.142
Kern,2020,909235,0.06481866,3.1281678733063822,6,909235,1,0,1004,2020,6.67,52.8,65.6,78.3,42.7,5.66,26.99,21061.565,79.577,21141.142
Kern,2021,905370,0.064614988,3.119529873642067,9,905370,1,0,1004,2021,6.77,54.7,66.9,79.1,42.7,7.08,29.29,21061.565,79.577,21141.142
Kern,2022,908186,0.064383871,3.0888660579184446,6,908186,1,0,1004,2022,4.96,56.9,68,79.1,42.1,8.81,28.9,21061.565,79.577,21141.142
Kern,2023,906165,0.064280966,3.060431200895534,14,906165,1,0,1004,2023,14.93,55,65.1,75.3,44.9,5.92,23.3,21061.565,79.577,21141.142
Kern,2024,910300,0.064150664,3.059801201318906,55,910300,1,0,1004,2024,7.39,44.1,68.16,103.5,47.28,0.84,59.53,21061.565,79.577,21141.142
Kings,2013,44252,0.056,3.16,0,150004,0,0,184,2013,2.37,48.7,63.6,78.5,40.5,3.97,27.43,3598.582,5.469,3604.051
Kings,2014,44411,0.055,3.15,0,148974,0,0,184,2014,5.94,51.9,66.3,80.7,42.4,4.63,29.33,3598.582,5.469,3604.051
Kings,2015,44593,0.054,3.14,0,148817,0,0,184,2015,4.74,51.1,65.2,79.2,42.9,4.28,27.74,3598.582,5.469,3604.051
Kings,2016,44922,0.054,3.12,0,148487,0,0,184,2016,8.25,50.9,65.1,79.3,43.9,3.72,27.56,3598.582,5.469,3604.051
Kings,2017,45453,0.053,3.09,3,148079,0,0,184,2017,9.16,50.7,64.7,78.6,43.5,3.73,27.18,3598.582,5.469,3604.051
Kings,2018,45698,0.051,3.1,1,150058,0,0,184,2018,6.5,50.2,64.2,78.2,42.8,3.57,26.46,3598.582,5.469,3604.051
Kings,2019,45883,0.048,3.11,1,151918,0,0,184,2019,10.74,50.1,63.7,77.3,44.4,3.23,25.15,3598.582,5.469,3604.051
Kings,2020,152486,0.047248688,3.105895691609977,1,152486,0,0,184,2020,4.96,50,64.3,78.6,44.7,3.42,26.66,3598.582,5.469,3604.051
Kings,2021,151157,0.049928061,3.108109940780254,1,151157,0,0,184,2021,7.55,50.5,64.6,78.6,44.7,3.48,27.63,3598.582,5.469,3604.051
Kings,2022,151654,0.05018297,3.067208904109589,0,151654,0,0,184,2022,4.68,50,64.3,78.5,43.8,4.24,27.65,3598.582,5.469,3604.051
Kings,2023,151629,0.051329308,3.052409450225537,0,151629,0,0,184,2023,11.67,49.9,63.1,76.3,46.5,2.96,23.4,3598.582,5.469,3604.051
Kings,2024,152627,0.053160556,3.0439726728531054,5,152627,0,0,184,2024,7,40.7,66.25,102.3,48.75,0.19,54.18,3598.582,5.469,3604.051
Lake,2013,35574,0.23,2.37,8,65928,1,0,2904,2013,9.72,48.1,59.2,70.4,33.1,4.8,20.73,3254.228,188.962,3443.19
Lake,2014,35595,0.226,2.38,1,66484,1,0,2904,2014,43.66,50.3,60.7,71.1,36.4,4.95,21.16,3254.228,188.962,3443.19
Lake,2015,35602,0.222,2.38,5,66975,1,0,2904,2015,24.85,50.1,60.5,71,36.3,4.87,21.01,3254.228,188.962,3443.19
Lake,2016,34140,0.213,2.46,6,66991,1,0,2904,2016,55.98,49.5,59,68.4,37.7,4.66,19.06,3254.228,188.962,3443.19
Lake,2017,34312,0.21,2.45,8,67318,1,0,2904,2017,56.97,49.8,59.6,69.4,36.4,5.12,20.33,3254.228,188.962,3443.19
Lake,2018,34376,0.203,2.45,8,67890,1,0,2904,2018,34.19,49.9,59.7,69.6,34.7,5.38,20.6,3254.228,188.962,3443.19
Lake,2019,34202,0.197,2.44,5,67902,1,0,2904,2019,58.03,48.9,58,67.1,37.2,4.52,17.83,3254.228,188.962,3443.19
Lake,2020,68163,0.1928112215078901,2.4389979002244586,1,68163,1,0,2904,2020,16.1,50.9,60.9,70.9,35.9,5.68,21.86,3254.228,188.962,3443.19
Lake,2021,67778,0.1954492415402566,2.433357505438724,4,67778,1,0,2904,2021,34.37,49.1,59.4,69.8,37.5,4.23,20.91,3254.228,188.962,3443.19
Lake,2022,67597,0.1928034058435878,2.418177877321003,1,67597,1,0,2904,2022,23.54,49.2,59.2,69.1,37.3,5.05,19.83,3254.228,188.962,3443.19
Lake,2023,66698,0.1932526052279211,2.382247880209273,2,66698,1,0,2904,2023,50.83,48.5,57.2,65.8,40.7,3.67,15.82,3254.228,188.962,3443.19
Lake,2024,67001,0.1931969635510227,2.3814551461610285,5,67001,1,0,2904,2024,33.51,38.7,59.62,92.6,41.66,0.45,41.61,3254.228,188.962,3443.19
Lassen,2013,12570,0.204,2.5,1,33564,0,1,6637,2013,7.99,32,44.6,57.3,22,2.28,14.07,11761.612,463.441,12225.053
Lassen,2014,12518,0.202,2.42,0,32908,0,1,6637,2014,17.96,35.5,46.9,58.4,24.4,2.6,14.31,11761.612,463.441,12225.053
Lassen,2015,12465,0.196,2.44,4,32758,0,1,6637,2015,18.63,36.1,47.1,58.1,25.9,2.63,13.83,11761.612,463.441,12225.053
Lassen,2016,12412,0.201,2.48,1,32293,0,1,6637,2016,20.95,34.3,45.4,56.6,25.4,2.33,13.3,11761.612,463.441,12225.053
Lassen,2017,12363,0.198,2.48,8,32459,0,1,6637,2017,24.99,36.1,46.1,56,25.1,2.9,13.07,11761.612,463.441,12225.053
Lassen,2018,12316,0.201,2.54,10,32721,0,1,6637,2018,19.81,35.6,45.9,56.2,24.3,2.92,13.05,11761.612,463.441,12225.053
Lassen,2019,12268,0.199,2.55,10,32726,0,1,6637,2019,26.88,34.2,44,53.7,25.7,2.22,11.28,11761.612,463.441,12225.053
Lassen,2020,32730,0.1905697445972495,2.512237055016181,13,32730,0,1,6637,2020,11.96,36,46.9,57.8,24,3.12,14.66,11761.612,463.441,12225.053
Lassen,2021,30991,0.1960575822018648,2.5285379997965207,3,30991,0,1,6637,2021,19.98,36.1,46.9,57.6,26.5,2.97,14.43,11761.612,463.441,12225.053
Lassen,2022,29809,0.1907174374897858,2.4821284329563813,1,29809,0,1,6637,2022,14.29,35.4,46.2,56.9,26.4,2.86,13.73,11761.612,463.441,12225.053
Lassen,2023,28376,0.1916979898676254,2.431257581884351,0,28376,0,1,6637,2023,24.17,34.2,44.1,54,29,1.86,11.12,11761.612,463.441,12225.053
Lassen,2024,28197,0.1917327015766685,2.430462906812209,6,28197,0,1,6637,2024,15.45,23.4,47.41,83.7,29.45,0.24,32.88,11761.612,463.441,12225.053
Los Angeles,2013,3462880,0.055,3,4,9995638,0,0,1640,2013,6.42,52.1,63.7,75.3,38.8,3.77,21.87,10509.87,1795.013,12304.883
Los Angeles,2014,3473430,0.054,2.99,3,10037944,0,0,1640,2014,11.47,54.4,65.8,77.2,40.9,4.08,22.23,10509.87,1795.013,12304.883
Los Angeles,2015,3486531,0.052,2.99,2,10072887,0,0,1640,2015,9.88,54.9,66.4,77.9,40,5.01,24.97,10509.87,1795.013,12304.883
Los Angeles,2016,3502949,0.051,2.97,4,10087542,0,0,1640,2016,15.54,54.4,65.7,77,40.1,4.88,23.93,10509.87,1795.013,12304.883
Los Angeles,2017,3525940,0.05,2.96,13,10107312,0,0,1640,2017,17.16,55.1,66.3,77.4,40.5,5.12,24.12,10509.87,1795.013,12304.883
Los Angeles,2018,3545232,0.05,2.94,8,10107841,0,0,1640,2018,15.22,54.8,65.8,76.8,40.2,4.8,23.53,10509.87,1795.013,12304.883
Los Angeles,2019,3567064,0.049,2.9,6,10067476,0,0,1640,2019,31.26,53,63.6,74.1,41.2,4.19,20.95,10509.87,1795.013,12304.883
Los Angeles,2020,10014009,0.047704317,2.863160507368822,13,10014009,0,0,1640,2020,12.71,55.1,65.8,76.6,41.4,5.35,23.09,10509.87,1795.013,12304.883
Los Angeles,2021,9955445,0.049552764,2.8443935327006677,10,9955445,0,0,1640,2021,17.5,53.9,63.9,73.9,44.2,3.85,18.85,10509.87,1795.013,12304.883
Los Angeles,2022,9861493,0.047840897,2.787315200772884,5,9861493,0,0,1640,2022,10.63,55.1,64.9,74.7,44.3,4.38,19.79,10509.87,1795.013,12304.883
Los Angeles,2023,9819312,0.048181713,2.752543264163429,3,9819312,0,0,1640,2023,41.41,52.7,61.6,70.5,46.3,2.97,15.34,10509.87,1795.013,12304.883
Los Angeles,2024,9824091,0.04821194,2.730154678660689,27,9824091,0,0,1640,2024,19.91,45.1,62.11,88.6,50.06,0.21,26.98,10509.87,1795.013,12304.883
Madera,2013,49068,0.108,3.29,4,150652,0,1,1677,2013,5.88,46.9,61.6,76.3,37.5,4.2,25.88,5534.983,41.958,5576.94
Madera,2014,49040,0.103,3.27,3,152067,0,1,1677,2014,13.67,49.5,63.6,77.8,38.9,4.55,27.02,5534.983,41.958,5576.94
Madera,2015,49072,0.101,3.29,3,152930,0,1,1677,2015,13.59,48.9,62.4,76,40.4,3.88,24.88,5534.983,41.958,5576.94
Madera,2016,49162,0.095,3.26,3,152819,0,1,1677,2016,26.41,48.6,62.1,75.6,41,3.59,24.4,5534.983,41.958,5576.94
Madera,2017,49173,0.091,3.27,9,154151,0,1,1677,2017,28.59,49.2,62.2,75.3,42.1,3.75,23.83,5534.983,41.958,5576.94
Madera,2018,49227,0.082,3.26,9,155100,0,1,1677,2018,20.8,48.9,62.3,75.8,40.2,3.92,24.61,5534.983,41.958,5576.94
Madera,2019,49272,0.081,3.27,1,155604,0,1,1677,2019,28.33,47.8,60.8,73.8,41.4,3.19,22.47,5534.983,41.958,5576.94
Madera,2020,156255,0.079984669,3.2656828995548928,6,156255,0,1,1677,2020,11.85,49.6,62.8,76,41,4.33,24.97,5534.983,41.958,5576.94
Madera,2021,155982,0.083283126,3.282296755537056,5,155982,0,1,1677,2021,20.26,50.5,63.2,75.9,41.5,4.81,25.72,5534.983,41.958,5576.94
Madera,2022,157040,0.080447903,3.245854564297435,1,157040,0,1,1677,2022,14.69,50.9,63.4,75.9,40.9,5.07,25.95,5534.983,41.958,5576.94
Madera,2023,157909,0.08094718,3.2112568445180187,2,157909,0,1,1677,2023,29.86,50.3,61.1,72,43.5,3.86,20.31,5534.983,41.958,5576.94
Madera,2024,159328,0.081200353,3.1843545086246503,17,159328,0,1,1677,2024,17.44,40.7,64.15,99.6,46.61,0.52,51.59,5534.983,41.958,5576.94
Marin,2013,111233,0.069,2.42,0,258815,1,0,394,2013,8.89,44,56.5,69.1,41.8,0.87,15.13,1347.586,797.42,2145.006
Marin,2014,111248,0.069,2.45,0,261931,1,0,394,2014,46.51,48.1,59.3,70.5,45.9,0.99,14.26,1347.586,797.42,2145.006
Marin,2015,111296,0.069,2.47,0,263888,1,0,394,2015,17.75,47.3,58.8,70.3,45.1,0.91,14.7,1347.586,797.42,2145.006
Marin,2016,111300,0.068,2.48,0,264554,1,0,394,2016,44.94,47.3,58,68.8,45.9,0.75,12.83,1347.586,797.42,2145.006
Marin,2017,111285,0.068,2.47,2,264366,1,0,394,2017,52.23,46.8,58.3,69.7,44.5,0.94,14.32,1347.586,797.42,2145.006
Marin,2018,111478,0.067,2.46,2,264099,1,0,394,2018,32.29,46.4,57.7,69,44.3,0.88,13.31,1347.586,797.42,2145.006
Marin,2019,111476,0.066,2.46,1,263645,1,0,394,2019,58.65,47.2,58,68.7,45.4,1.02,13.74,1347.586,797.42,2145.006
Marin,2020,262321,0.06630275,2.442078585348527,1,262321,1,0,394,2020,11.93,45.7,58.4,71.2,45.9,0.76,15.39,1347.586,797.42,2145.006
Marin,2021,259721,0.067020095,2.4295573216616755,2,259721,1,0,394,2021,35.01,45.5,57.2,69,47,0.55,13.53,1347.586,797.42,2145.006
Marin,2022,255459,0.066303775,2.378571907218962,1,255459,1,0,394,2022,19.17,46,57.7,69.5,46.1,0.78,13.82,1347.586,797.42,2145.006
Marin,2023,253972,0.066400435,2.3558252334485457,0,253972,1,0,394,2023,45.82,46.4,56.2,66,47.1,0.61,10.59,1347.586,797.42,2145.006
Marin,2024,252844,0.067915774,2.340405851276868,1,252844,1,0,394,2024,26.74,43.2,56.34,77,48.79,0.16,16.24,1347.586,797.42,2145.006
Mariposa,2013,10097,0.246,2.28,1,17936,0,1,3455,2013,10.14,42.7,57,71.2,33.2,4.32,22,3752.417,36.271,3788.688
Mariposa,2014,10066,0.246,2.28,2,17865,0,1,3455,2014,23.03,45.1,58.7,72.4,34.4,4.79,22.87,3752.417,36.271,3788.688
Mariposa,2015,10026,0.247,2.28,0,17724,0,1,3455,2015,22.83,44.9,58.1,71.3,35.2,4.47,21.68,3752.417,36.271,3788.688
Mariposa,2016,9987,0.244,2.27,0,17625,0,1,3455,2016,40.41,43.7,57.2,70.7,35.4,4.19,21.31,3752.417,36.271,3788.688
Mariposa,2017,9932,0.244,2.28,12,17501,0,1,3455,2017,60.64,45.2,57.8,70.4,36.7,4.22,20.71,3752.417,36.271,3788.688
Mariposa,2018,9809,0.241,2.29,5,17398,0,1,3455,2018,36.01,44.3,57.6,70.9,35.2,4.4,21.09,3752.417,36.271,3788.688
Mariposa,2019,9769,0.241,2.28,5,17242,0,1,3455,2019,49.43,43.1,55.8,68.5,36.5,3.51,18.95,3752.417,36.271,3788.688
Mariposa,2020,17131,0.2446721311475409,2.2852685838307107,3,17131,0,1,3455,2020,17.54,47.4,59.6,71.8,35.7,5.33,22.37,3752.417,36.271,3788.688
Mariposa,2021,17070,0.2403512354502757,2.2635752688172044,2,17070,0,1,3455,2021,32.06,48.6,60.2,71.7,35.7,5.79,22.99,3752.417,36.271,3788.688
Mariposa,2022,16988,0.2445121951219512,2.2531611514662364,5,16988,0,1,3455,2022,26.75,48.7,60,71.3,35.8,5.9,22.4,3752.417,36.271,3788.688
Mariposa,2023,16968,0.2437678790355537,2.260335044582545,1,16968,0,1,3455,2023,53.27,48,57.4,66.9,38.5,4.49,17.4,3752.417,36.271,3788.688
Mariposa,2024,16966,0.2437557345295137,2.253167969803181,8,16966,0,1,3455,2024,27.9,37.8,59.94,94.6,42.31,0.7,43.05,3752.417,36.271,3788.688
Mendocino,2013,40703,0.13,2.47,3,89320,0,0,948,2013,14.29,41.6,56.2,70.9,40.5,0.75,17.95,9081.386,962.953,10044.339
Mendocino,2014,40829,0.13,2.47,0,89569,0,0,948,2014,50.23,45.2,58.8,72.4,43.8,0.76,18.7,9081.386,962.953,10044.339
Mendocino,2015,40974,0.129,2.47,3,90018,0,0,948,2015,31.6,44.6,58.5,72.4,43.4,0.76,18.95,9081.386,962.953,10044.339
Mendocino,2016,41049,0.127,2.48,2,90761,0,0,948,2016,60.27,44.6,57.4,70.1,44.3,0.57,16.67,9081.386,962.953,10044.339
Mendocino,2017,41153,0.126,2.49,4,91368,0,0,948,2017,54.89,44.1,57.2,70.3,43.2,0.66,17.46,9081.386,962.953,10044.339
Mendocino,2018,40856,0.125,2.52,5,91667,0,0,948,2018,38.35,43.1,56.7,70.3,42.2,0.68,17.33,9081.386,962.953,10044.339
Mendocino,2019,41093,0.125,2.5,4,91733,0,0,948,2019,55.71,44,56.9,69.8,43.6,0.67,16.62,9081.386,962.953,10044.339
Mendocino,2020,91601,0.1230360164370316,2.4775358324145533,8,91601,0,0,948,2020,20.26,43.5,57.7,71.8,43.4,0.8,18.74,9081.386,962.953,10044.339
Mendocino,2021,90910,0.1279634597259479,2.4843420906773086,5,90910,0,0,948,2021,41.96,43.2,57.1,71,43.9,0.8,18.64,9081.386,962.953,10044.339
Mendocino,2022,90227,0.12319784,2.436977562692477,5,90227,0,0,948,2022,31.59,42.4,56.4,70.3,44,0.63,17.6,9081.386,962.953,10044.339
Mendocino,2023,89556,0.1240711443501606,2.406846916,0,89556,0,0,948,2023,55.26,43.7,56,68.3,44.9,0.72,15.47,9081.386,962.953,10044.339
Mendocino,2024,89476,0.1240632011074513,2.394141689373297,5,89476,0,0,948,2024,38.93,39,56.88,88.9,46.05,0.13,33.71,9081.386,962.953,10044.339
Merced,2013,83873,0.085,3.36,1,263501,1,0,92,2013,2.8,45.3,61,76.6,42.8,1.47,24.43,5011.555,112.76,5124.315
Merced,2014,83966,0.08,3.34,0,264670,1,0,92,2014,10.3,48.5,63.5,78.5,45.5,1.59,25.6,5011.555,112.76,5124.315
Merced,2015,83992,0.077,3.36,1,266740,1,0,92,2015,6.46,47.5,62.4,77.4,45.4,1.44,24.67,5011.555,112.76,5124.315
Merced,2016,84162,0.067,3.35,2,268527,1,0,92,2016,14.84,48,62.7,77.3,46.3,1.24,24.41,5011.555,112.76,5124.315
Merced,2017,84587,0.063,3.34,1,271094,1,0,92,2017,12.8,48.3,62.5,76.7,45.9,2.34,23.77,5011.555,112.76,5124.315
Merced,2018,85263,0.055,3.33,6,274768,1,0,92,2018,10.35,47.2,62,76.8,45.2,1.34,23.84,5011.555,112.76,5124.315
Merced,2019,86208,0.052,3.32,1,277693,1,0,92,2019,14.2,47.6,61.7,75.9,46.6,1.18,22.59,5011.555,112.76,5124.315
Merced,2020,281202,0.04920087,3.2917066040448577,3,281202,1,0,92,2020,5.11,47.2,62.4,77.5,46.2,1.22,24.79,5011.555,112.76,5124.315
Merced,2021,280944,0.0494438,3.2921626748873605,3,280944,1,0,92,2021,10.02,47.4,62.4,77.4,46.2,1.73,25.45,5011.555,112.76,5124.315
Merced,2022,284038,0.049286339,3.231102518,1,284038,1,0,92,2022,7.36,47,62.6,78.2,45.2,1.74,26.93,5011.555,112.76,5124.315
Merced,2023,285193,0.049363144,3.1993904542840714,1,285193,1,0,92,2023,14.2,47.4,61.4,75.4,48,0.96,22.26,5011.555,112.76,5124.315
Merced,2024,287303,0.049401587,3.1962206484427567,19,287303,1,0,92,2024,10.57,41.5,64.51,100.4,49.21,0.11,52.09,5011.555,112.76,5124.315
Modoc,2013,5080,0.223,2.3,3,9408,0,0,5026,2013,6.96,33.5,47,60.5,25.5,2.18,16.37,10146.977,739.774,10886.752
Modoc,2014,5029,0.222,2.3,4,9312,0,0,5026,2014,13.19,37.6,50.3,63.1,28,2.55,17.64,10146.977,739.774,10886.752
Modoc,2015,4984,0.217,2.28,3,9212,0,0,5026,2015,13.39,37.1,50.2,63.2,29,2.31,17.34,10146.977,739.774,10886.752
Modoc,2016,4934,0.222,2.3,2,9130,0,0,5026,2016,14.59,36.6,48.7,60.8,29.1,2.21,15.79,10146.977,739.774,10886.752
Modoc,2017,4891,0.219,2.28,9,8979,0,0,5026,2017,15.32,36.4,48.5,60.7,28.7,2.31,16.35,10146.977,739.774,10886.752
Modoc,2018,4844,0.222,2.3,4,8943,0,0,5026,2018,13.1,35.5,48.3,61.1,27.8,2.23,16.33,10146.977,739.774,10886.752
Modoc,2019,4795,0.22,2.3,4,8880,0,0,5026,2019,15.24,35.2,47,58.9,29.1,1.82,14.75,10146.977,739.774,10886.752
Modoc,2020,8700,0.2146464646464646,2.2583065380493035,2,8700,0,0,5026,2020,8.6,35.8,49.1,62.4,27.8,2.4,17.77,10146.977,739.774,10886.752
Modoc,2021,8608,0.2241379310344827,2.2761517615176152,5,8608,0,0,5026,2021,11.12,36.3,49.3,62.3,28.1,2.61,18.24,10146.977,739.774,10886.752
Modoc,2022,8547,0.2150356992860143,2.230872124130551,2,8547,0,0,5026,2022,10.62,34.5,48.1,61.6,27.7,2.35,17.7,10146.977,739.774,10886.752
Modoc,2023,8501,0.2166701658618517,2.22728491,0,8501,0,0,5026,2023,13.86,35.3,47.3,59.3,30.6,1.84,14.96,10146.977,739.774,10886.752
Modoc,2024,8484,0.2166981329976924,2.219871451526513,7,8484,0,0,5026,2024,7.69,27.4,50.61,90.5,31.48,0.38,43.21,10146.977,739.774,10886.752
Mono,2013,13798,0.591,2.4,0,13865,0,0,7910,2013,5.28,29,43.9,58.8,16,2.55,15.89,7896.827,214.695,8111.523
Mono,2014,13760,0.591,2.38,0,13712,0,0,7910,2014,11.97,31.6,46,60.4,17.7,2.67,16.3,7896.827,214.695,8111.523
Mono,2015,13714,0.591,2.38,0,13674,0,0,7910,2015,16.57,31.3,45.3,59.2,20.1,2.51,15.3,7896.827,214.695,8111.523
Mono,2016,13652,0.594,2.36,1,13412,0,0,7910,2016,19.71,31.3,45.3,59.4,19.3,3.03,15.96,7896.827,214.695,8111.523
Mono,2017,13642,0.595,2.37,2,13425,0,0,7910,2017,32.45,31.1,44.8,58.6,20.2,2.52,15.03,7896.827,214.695,8111.523
Mono,2018,13597,0.597,2.37,1,13319,0,0,7910,2018,16.05,30.3,44.8,59.2,18.9,2.7,15.71,7896.827,214.695,8111.523
Mono,2019,13584,0.598,2.38,1,13305,0,0,7910,2019,23.68,28.5,42.3,56.1,20.6,2.15,13.91,7896.827,214.695,8111.523
Mono,2020,13195,0.5971741850025756,2.352027767628791,4,13195,0,0,7910,2020,9.53,32.8,46,59.2,18,3.66,16.22,7896.827,214.695,8111.523
Mono,2021,13191,0.5983164734549213,2.368014705882353,1,13191,0,0,7910,2021,22.9,34.7,45.8,56.8,20.1,3.59,14.37,7896.827,214.695,8111.523
Mono,2022,12987,0.59847261,2.318215069495245,0,12987,0,0,7910,2022,13.33,33.1,44.1,55.2,20.1,3.21,13.56,7896.827,214.695,8111.523
Mono,2023,13193,0.5985374771480805,2.3468123861566483,0,13193,0,0,7910,2023,30.34,30.6,41.4,52.2,21.5,2.35,11.76,7896.827,214.695,8111.523
Mono,2024,12861,0.5982968192736007,2.2745062511324514,2,12861,0,0,7910,2024,12.61,20,44.98,79.6,22.91,0.67,28.63,7896.827,214.695,8111.523
Monterey,2013,138976,0.093,3.21,1,425742,0,0,1014,2013,3.08,43.4,59.4,75.3,37.7,2.02,23.36,8496.703,1270.714,9767.417
Monterey,2014,139517,0.092,3.21,2,427425,0,0,1014,2014,16.25,46.8,61.8,76.9,40.8,2.2,24.3,8496.703,1270.714,9767.417
Monterey,2015,140052,0.09,3.21,2,429887,0,0,1014,2015,9.2,45.8,61.1,76.4,41.4,1.82,23.49,8496.703,1270.714,9767.417
Monterey,2016,140485,0.09,3.23,7,434712,0,0,1014,2016,17.55,45.7,60.5,75.4,41.8,1.65,22.43,8496.703,1270.714,9767.417
Monterey,2017,141046,0.089,3.24,14,437800,0,0,1014,2017,22.48,46.3,61.1,75.9,40.9,2.09,23.33,8496.703,1270.714,9767.417
Monterey,2018,141730,0.088,3.22,9,438000,0,0,1014,2018,17.17,45.2,60.5,75.7,40.4,1.88,23.08,8496.703,1270.714,9767.417
Monterey,2019,142582,0.087,3.21,7,439477,0,0,1014,2019,29.35,45.4,59.7,73.9,42,1.54,21.31,8496.703,1270.714,9767.417
Monterey,2020,439035,0.082447383,3.1694223341857057,8,439035,0,0,1014,2020,8.31,45.1,60.8,76.5,41.5,1.83,24.18,8496.703,1270.714,9767.417
Monterey,2021,436803,0.081354897,3.1647530140972826,3,436803,0,0,1014,2021,19.76,44.9,60.3,75.8,42.4,1.55,23.13,8496.703,1270.714,9767.417
Monterey,2022,436033,0.079786391,3.1149117158132777,3,436033,0,0,1014,2022,12.29,44.4,60.6,76.9,41.7,1.68,24.82,8496.703,1270.714,9767.417
Monterey,2023,433953,0.079806803,3.0837874862265107,3,433953,0,0,1014,2023,27.94,44.6,58.5,72.3,44.2,1.08,19.16,8496.703,1270.714,9767.417
Monterey,2024,437614,0.080361644,3.097704087302469,11,437614,0,0,1014,2024,18.03,40,58.98,90.4,45.92,0.32,35.47,8496.703,1270.714,9767.417
Napa,2013,55129,0.106,2.7,3,138808,1,0,1007,2013,7.06,46.3,59.9,73.5,38.7,2.47,20.77,1938.247,104.169,2042.417
Napa,2014,55223,0.106,2.72,2,140114,1,0,1007,2014,37.17,48.8,61.4,74,42.5,2.39,20.19,1938.247,104.169,2042.417
Napa,2015,55342,0.105,2.72,3,140654,1,0,1007,2015,14.62,48.7,61.4,74.2,41.9,2.34,21.03,1938.247,104.169,2042.417
Napa,2016,55470,0.105,2.72,1,141119,1,0,1007,2016,41.54,48.1,60.1,72.1,43.2,1.95,18.67,1938.247,104.169,2042.417
Napa,2017,55672,0.105,2.7,6,140837,1,0,1007,2017,46.85,48.4,60.6,72.8,41.9,2.59,20.04,1938.247,104.169,2042.417
Napa,2018,55277,0.104,2.7,5,139786,1,0,1007,2018,26.48,47.7,60.2,72.7,41,2.43,19.52,1938.247,104.169,2042.417
Napa,2019,55315,0.104,2.67,3,138982,1,0,1007,2019,48.32,47.9,59.7,71.5,42.6,2.17,18.81,1938.247,104.169,2042.417
Napa,2020,138019,0.1029793680565575,2.6427479995174714,4,138019,1,0,1007,2020,11,49.1,61.8,74.6,41.7,3.28,22.08,1938.247,104.169,2042.417
Napa,2021,137128,0.100734561,2.6392771424537624,2,137128,1,0,1007,2021,28.27,48.2,60.5,72.8,42.1,2.59,20.93,1938.247,104.169,2042.417
Napa,2022,135564,0.100637515,2.583334997304367,1,135564,1,0,1007,2022,17.86,47.8,60.7,73.6,41.6,2.93,21.71,1938.247,104.169,2042.417
Napa,2023,134508,0.1005544625290645,2.551105631562202,2,134508,1,0,1007,2023,40.73,46.9,58.4,69.9,44.4,1.77,16.77,1938.247,104.169,2042.417
Napa,2024,135029,0.1003364126662038,2.5495212092434314,2,135029,1,0,1007,2024,23.79,41.4,59.68,92.3,46.82,0.38,37.49,1938.247,104.169,2042.417
Nevada,2013,52666,0.208,2.34,1,99116,1,0,4455,2013,22.29,46.8,56.3,65.8,28.1,5.82,17.51,2480.617,41.515,2522.132
Nevada,2014,52703,0.207,2.34,3,99490,1,0,4455,2014,65.92,49.1,57.4,65.6,31.7,5.99,17.1,2480.617,41.515,2522.132
Nevada,2015,52827,0.206,2.35,2,100341,1,0,4455,2015,40.09,48.7,57.3,65.9,31.7,5.88,17.16,2480.617,41.515,2522.132
Nevada,2016,52921,0.205,2.35,2,100793,1,0,4455,2016,91.14,47.5,55.7,63.8,32.1,5.56,16,2480.617,41.515,2522.132
Nevada,2017,53060,0.204,2.35,7,100998,1,0,4455,2017,106.35,47.3,55.7,64.1,32.8,5.54,16.25,2480.617,41.515,2522.132
Nevada,2018,53177,0.203,2.36,1,101640,1,0,4455,2018,59.08,48.1,56.7,65.3,31,5.98,17.1,2480.617,41.515,2522.132
Nevada,2019,53345,0.202,2.35,1,101719,1,0,4455,2019,89.07,46,54.1,62.1,33.3,4.72,14.32,2480.617,41.515,2522.132
Nevada,2020,102241,0.2023793984373543,2.344484967503624,1,102241,1,0,4455,2020,35.91,48.5,57.5,66.5,32.1,6.37,18.14,2480.617,41.515,2522.132
Nevada,2021,101985,0.2006320289989775,2.327542904981164,2,101985,1,0,4455,2021,60.6,47.7,56.9,66,31.7,6.24,18.82,2480.617,41.515,2522.132
Nevada,2022,101080,0.2032808689869208,2.300129846039696,3,101080,1,0,4455,2022,44.88,47.6,56.8,66.1,31.4,6.31,18.19,2480.617,41.515,2522.132
Nevada,2023,100474,0.2030568890360315,2.2752890673682757,1,100474,1,0,4455,2023,69.83,44.8,53.4,62.1,34.3,4.19,14.45,2480.617,41.515,2522.132
Nevada,2024,100177,0.2037836651053863,2.2580771175145915,0,100177,1,0,4455,2024,43.82,32.6,55.64,89.4,36.79,0.5,37.42,2480.617,41.515,2522.132
Orange,2013,1061184,0.052,3.04,1,3105236,1,0,135,2013,4.01,54.8,64.8,74.8,46.4,2.89,18.29,2047.561,407.917,2455.478
Orange,2014,1069709,0.052,3.03,1,3125985,1,0,135,2014,7.2,58.2,68,77.8,49.1,3.42,20.5,2047.561,407.917,2455.478
Orange,2015,1077916,0.052,3.03,1,3148491,1,0,135,2015,7.61,57.5,67.3,77.2,49.2,2.84,19.7,2047.561,407.917,2455.478
Orange,2016,1086123,0.051,3.02,2,3165028,1,0,135,2016,10.13,56.4,66.1,75.7,49.4,2.34,18.05,2047.561,407.917,2455.478
Orange,2017,1096054,0.051,3.01,2,3185541,1,0,135,2017,11.3,56.7,66.5,76.2,50,2.25,18.22,2047.561,407.917,2455.478
Orange,2018,1107488,0.05,2.98,3,3192479,1,0,135,2018,8.45,56.8,66.1,75.5,49,2.73,17.82,2047.561,407.917,2455.478
Orange,2019,1119161,0.05,2.95,0,3192408,1,0,135,2019,21.74,55.6,64.5,73.5,49.2,2.51,16.11,2047.561,407.917,2455.478
Orange,2020,3186989,0.049283713,2.916940150171538,3,3186989,1,0,135,2020,9.83,55.8,65.4,74.9,49.8,2.32,17.46,2047.561,407.917,2455.478
Orange,2021,3172352,0.049845263,2.900538152670001,0,3172352,1,0,135,2021,8.98,53.8,62.8,71.8,50.5,1.48,14.48,2047.561,407.917,2455.478
Orange,2022,3158071,0.049325093,2.860114619090413,3,3158071,1,0,135,2022,6.29,54.5,64,73.5,50.6,1.65,16.15,2047.561,407.917,2455.478
Orange,2023,3141065,0.049417232,2.8251411561078603,0,3141065,1,0,135,2023,22.77,53.4,61.8,70.3,51.5,0.97,12.54,2047.561,407.917,2455.478
Orange,2024,3150835,0.049382033,2.8143626694926422,0,3150835,1,0,135,2024,15.03,46,62.7,83.5,54.46,0.31,19.28,2047.561,407.917,2455.478
Placer,2013,156472,0.128,2.65,2,365195,1,0,2500,2013,15.45,47,59,70.9,33.5,4.54,21.01,3644.136,247.205,3891.341
Placer,2014,158037,0.127,2.65,0,369910,1,0,2500,2014,50.99,49.5,60.6,71.7,36.5,4.79,21.31,3644.136,247.205,3891.341
Placer,2015,159668,0.126,2.65,1,373578,1,0,2500,2015,29.59,48.8,60.2,71.7,36.3,4.69,21.34,3644.136,247.205,3891.341
Placer,2016,161749,0.124,2.65,2,379143,1,0,2500,2016,65.36,48,59.1,70.2,36.9,4.37,20.4,3644.136,247.205,3891.341
Placer,2017,164099,0.123,2.65,0,386586,1,0,2500,2017,79.31,48.3,59.3,70.4,37.4,4.35,20.53,3644.136,247.205,3891.341
Placer,2018,166660,0.121,2.65,2,392693,1,0,2500,2018,45.3,48,59.6,71.2,35.6,4.6,21.32,3644.136,247.205,3891.341
Placer,2019,169618,0.119,2.64,5,399659,1,0,2500,2019,64.24,47.4,58.1,68.7,38.1,3.73,18.72,3644.136,247.205,3891.341
Placer,2020,404739,0.1175183921650537,2.629390996771882,7,404739,1,0,2500,2020,28.54,49.1,60.6,72.1,36.6,5.24,22.55,3644.136,247.205,3891.341
Placer,2021,406443,0.1167925991898181,2.6144142503041463,2,406443,1,0,2500,2021,49.74,49,60.4,71.9,36.4,4.74,23.8,3644.136,247.205,3891.341
Placer,2022,407539,0.1158714318736645,2.568917910685704,6,407539,1,0,2500,2022,38.06,48.4,60.1,71.9,36,5.27,23.32,3644.136,247.205,3891.341
Placer,2023,410085,0.1150310476653481,2.5300330857107185,0,410085,1,0,2500,2023,53.1,47,57.4,67.7,38.3,3.83,18.15,3644.136,247.205,3891.341
Placer,2024,412844,0.1146119514817187,2.501904101944576,10,412844,1,0,2500,2024,33.68,38.1,59.88,95.2,41.51,0.55,46.18,3644.136,247.205,3891.341
Plumas,2013,15514,0.414,2.1,1,19345,1,0,5968,2013,13.45,39.6,50.2,60.7,23.8,3.99,15.45,6612.351,156.395,6768.746
Plumas,2014,15495,0.413,2.08,0,19120,1,0,5968,2014,37.51,41.2,51.2,61.2,26.5,3.94,15.51,6612.351,156.395,6768.746
Plumas,2015,15479,0.408,2.06,1,19035,1,0,5968,2015,23.67,41.1,51.3,61.4,26.6,3.98,15.55,6612.351,156.395,6768.746
Plumas,2016,15457,0.415,2.08,1,19017,1,0,5968,2016,54.15,39.8,49.8,59.8,26.9,3.85,14.6,6612.351,156.395,6768.746
Plumas,2017,15436,0.414,2.12,5,19365,1,0,5968,2017,65.92,40.3,50,59.7,27.2,3.85,14.75,6612.351,156.395,6768.746
Plumas,2018,15418,0.408,2.11,2,19388,1,0,5968,2018,33.42,40.4,50.4,60.3,25.8,4.27,15.13,6612.351,156.395,6768.746
Plumas,2019,15409,0.408,2.14,1,19655,1,0,5968,2019,57.68,38.6,48,57.3,28,3.28,12.81,6612.351,156.395,6768.746
Plumas,2020,19790,0.4014029618082618,2.130859375,1,19790,1,0,5968,2020,21.37,41.2,51.4,61.6,26.8,4.36,16.12,6612.351,156.395,6768.746
Plumas,2021,19626,0.4110592506158433,2.143973582828839,3,19626,1,0,5968,2021,38.24,39.2,49.3,59.5,25.7,4.46,15.51,6612.351,156.395,6768.746
Plumas,2022,19254,0.4010677118529531,2.157283086990861,1,19254,1,0,5968,2022,29.43,38.2,48.6,59.1,25.5,3.79,14.89,6612.351,156.395,6768.746
Plumas,2023,18993,0.4028292354328057,2.126339538,0,18993,1,0,5968,2023,48.59,36.4,45.9,55.3,28.8,2.41,12.16,6612.351,156.395,6768.746
Plumas,2024,18841,0.4029119699409554,2.1013597033374536,1,18841,1,0,5968,2024,32.01,24.9,48.3,84.1,30.61,0.35,32.86,6612.351,156.395,6768.746
Riverside,2013,809405,0.129,3.16,18,2260809,1,1,2890,2013,3.28,51.9,64.8,77.8,31.5,7.09,30.06,18664.697,251.073,18915.77
Riverside,2014,813236,0.125,3.15,1,2280208,1,1,2890,2014,3.3,54.3,67,79.8,33,7.41,30.99,18664.697,251.073,18915.77
Riverside,2015,818196,0.122,3.15,3,2302000,1,1,2890,2015,4.28,53.4,65.9,78.4,35,6.75,29.56,18664.697,251.073,18915.77
Riverside,2016,822725,0.116,3.15,1,2326213,1,1,2890,2016,6.37,53.2,66.1,78.9,34.5,7.25,30.41,18664.697,251.073,18915.77
Riverside,2017,828051,0.112,3.15,52,2355286,1,1,2890,2017,7.41,53.5,66.5,79.6,34.7,6.84,30.65,18664.697,251.073,18915.77
Riverside,2018,833360,0.106,3.14,24,2375547,1,1,2890,2018,4.65,53.4,66.1,78.7,34.2,7.08,30.04,18664.697,251.073,18915.77
Riverside,2019,839364,0.102,3.13,32,2394094,1,1,2890,2019,10.61,50.8,63.3,75.8,35.1,5.9,27.53,18664.697,251.073,18915.77
Riverside,2020,2418185,0.1004844740845843,3.115660901657708,25,2418185,1,1,2890,2020,4.62,53.7,66.6,79.5,32.9,8.16,32.51,18664.697,251.073,18915.77
Riverside,2021,2419165,0.1008026561643899,3.1072035851272424,18,2419165,1,1,2890,2021,3.39,55.1,67.1,79.2,32.3,9.24,31.34,18664.697,251.073,18915.77
Riverside,2022,2427832,0.100473035,3.074147004428589,8,2427832,1,1,2890,2022,3.9,55.1,66.7,78.3,33,8.61,30.01,18664.697,251.073,18915.77
Riverside,2023,2428580,0.1005888215549929,3.042533462909633,35,2428580,1,1,2890,2023,7.09,53.3,64.9,76.6,34.1,7.84,28.92,18664.697,251.073,18915.77
Riverside,2024,2442378,0.1006880185496419,3.0270949400347558,59,2442378,1,1,2890,2024,2.89,41.6,67.69,103.8,37,2.6,61.8,18664.697,251.073,18915.77
Sacramento,2013,562071,0.066,2.74,0,1461786,0,0,69,2013,6.37,47.2,61.2,75.3,41.5,2.19,22.92,2498.416,76.077,2574.493
Sacramento,2014,564480,0.062,2.74,0,1476829,0,0,69,2014,20.29,50.5,63.6,76.7,45.4,2.08,23,2498.416,76.077,2574.493
Sacramento,2015,566725,0.06,2.76,0,1495130,0,0,69,2015,7.9,49.8,62.9,76,44.5,2.31,22.9,2498.416,76.077,2574.493
Sacramento,2016,569047,0.054,2.76,3,1511942,0,0,69,2016,21.92,49.5,62.2,74.9,45.6,1.93,21.52,2498.416,76.077,2574.493
Sacramento,2017,572566,0.051,2.76,3,1530548,0,0,69,2017,27.36,49.7,62.3,74.9,45.1,2.12,21.84,2498.416,76.077,2574.493
Sacramento,2018,576345,0.045,2.76,1,1547095,0,0,69,2018,19.86,48.2,61.6,75,44.1,1.81,21.86,2498.416,76.077,2574.493
Sacramento,2019,581244,0.042,2.75,2,1562887,0,0,69,2019,23.97,49.2,61.7,74.2,45.7,1.73,20.92,2498.416,76.077,2574.493
Sacramento,2020,1585055,0.039325948,2.750687843811177,5,1585055,0,0,69,2020,8.25,49.1,62.9,76.8,44.5,2.22,24.76,2498.416,76.077,2574.493
Sacramento,2021,1580120,0.039781118,2.7334440790111105,1,1580120,0,0,69,2021,19.34,49.1,62.5,75.9,45,2.23,24.22,2498.416,76.077,2574.493
Sacramento,2022,1572254,0.039337919,2.6925498169419524,1,1572254,0,0,69,2022,10.64,48.1,62.4,76.7,44.3,2.14,25.75,2498.416,76.077,2574.493
Sacramento,2023,1576639,0.039409473,2.675675114106231,0,1576639,0,0,69,2023,20.83,48.4,60.9,73.4,46.8,1.5,20.51,2498.416,76.077,2574.493
Sacramento,2024,1578938,0.039404575,2.657400870235905,10,1578938,0,0,69,2024,13.24,42.9,64.56,100.4,48.65,0.28,54.12,2498.416,76.077,2574.493
San Benito,2013,18201,0.399,5.21,1,57386,0,1,3031,2013,3.19,49.3,60.7,72.1,32,5.83,22.91,3596.742,4.555,3601.297
San Benito,2014,18278,0.397,5.24,0,58212,0,1,3031,2014,13.49,51.8,62.5,73.1,35.1,6.15,23.59,3596.742,4.555,3601.297
San Benito,2015,18447,0.395,5.23,2,58839,0,1,3031,2015,10.42,50.6,61.3,72,35.8,5.4,21.68,3596.742,4.555,3601.297
San Benito,2016,18569,0.39,5.22,3,59563,0,1,3031,2016,17.29,50.1,60.6,71.1,36.5,5.29,21.46,3596.742,4.555,3601.297
San Benito,2017,18769,0.388,5.22,3,60499,0,1,3031,2017,18.37,50.6,61,71.3,35.7,5.68,21.77,3596.742,4.555,3601.297
San Benito,2018,19231,0.384,5.12,8,61143,0,1,3031,2018,14.63,50.2,60.9,71.5,34.9,5.83,21.94,3596.742,4.555,3601.297
San Benito,2019,19728,0.38,5.08,2,62734,0,1,3031,2019,21.54,49.4,59.1,68.8,36.5,4.85,19.29,3596.742,4.555,3601.297
San Benito,2020,64209,0.043260496,3.265859166495586,2,64209,0,1,3031,2020,7.91,51.8,61.8,71.8,35.9,6.5,22.18,3596.742,4.555,3601.297
San Benito,2021,64642,0.042710294,3.231952006452914,1,64642,0,1,3031,2021,17.79,50.8,61,71.2,36.7,6.04,21.37,3596.742,4.555,3601.297
San Benito,2022,65642,0.042633111,3.1929867582148117,1,65642,0,1,3031,2022,10.63,50.9,61.1,71.3,35.8,6.7,21.8,3596.742,4.555,3601.297
San Benito,2023,65165,0.042408231,3.125986157494797,2,65165,0,1,3031,2023,25.03,48.8,57.6,66.3,38.5,4.6,16.67,3596.742,4.555,3601.297
San Benito,2024,65853,0.042435593,3.1150121642894626,7,65853,0,1,3031,2024,15.4,39.5,59.19,89.4,39.75,0.6,37.87,3596.742,4.555,3601.297
San Bernardino,2013,705860,0.114,3.27,10,2085599,0,1,1939,2013,2.61,56.3,69.2,82.2,28.7,10.33,36.49,51947.23,124.028,52071.258
San Bernardino,2014,708074,0.11,3.26,2,2096526,0,1,1939,2014,2.37,58.5,71.3,84.1,30,10.87,37.91,51947.23,124.028,52071.258
San Bernardino,2015,711585,0.107,3.26,5,2114182,0,1,1939,2015,3.4,57.7,70.3,83,32,10,36.67,51947.23,124.028,52071.258
San Bernardino,2016,714421,0.102,3.25,4,2124990,0,1,1939,2016,3.9,57.5,70.3,83.2,31,10.5,37.42,51947.23,124.028,52071.258
San Bernardino,2017,718714,0.098,3.24,17,2142339,0,1,1939,2017,3.9,57.7,70.9,84.2,31,10.34,38.83,51947.23,124.028,52071.258
San Bernardino,2018,723431,0.094,3.23,7,2153258,0,1,1939,2018,4.05,57.9,70.9,83.8,31,10.57,38.52,51947.23,124.028,52071.258
San Bernardino,2019,727743,0.091,3.22,7,2169538,0,1,1939,2019,6.27,55.1,67.8,80.5,31.8,9.15,35.27,51947.23,124.028,52071.258
San Bernardino,2020,2181654,0.087529837,3.205056331195084,7,2181654,0,1,1939,2020,3.91,56.1,69.9,83.8,29.4,10.47,39.8,51947.23,124.028,52071.258
San Bernardino,2021,2179006,0.08796513,3.1983044044601145,6,2179006,0,1,1939,2021,2.46,56.7,69.9,83.1,28.9,11.46,38.6,51947.23,124.028,52071.258
San Bernardino,2022,2179845,0.087406684,3.167585124,6,2179845,0,1,1939,2022,2.24,56.1,69.1,82.2,29.9,10.36,36.86,51947.23,124.028,52071.258
San Bernardino,2023,2172694,0.087367312,3.1268842841221467,5,2172694,0,1,1939,2023,6.56,54.9,67.4,80,31.9,9.38,34.38,51947.23,124.028,52071.258
San Bernardino,2024,2181433,0.087205801,3.116605724849147,28,2181433,0,1,1939,2024,3.43,40.6,71.53,110.3,35.24,2.04,81.12,51947.23,124.028,52071.258
San Diego,2013,1174563,0.061,2.8,7,3190323,1,0,2119,2013,9.04,48,61.5,75,38.5,3.27,22.56,10895.121,826.348,11721.469
San Diego,2014,1180471,0.06,2.81,10,3219710,1,0,2119,2014,11.05,50.1,63.7,77.4,39.8,3.72,24.35,10895.121,826.348,11721.469
San Diego,2015,1187940,0.06,2.81,6,3248180,1,0,2119,2015,16.37,49.9,62.8,75.8,41.5,3.38,22.33,10895.121,826.348,11721.469
San Diego,2016,1192789,0.058,2.81,7,3263004,1,0,2119,2016,18.47,49.3,62.6,76,41.1,3.56,22.73,10895.121,826.348,11721.469
San Diego,2017,1200810,0.057,2.8,19,3279856,1,0,2119,2017,17.85,50.4,63.4,76.5,41.9,3.56,22.71,10895.121,826.348,11721.469
San Diego,2018,1209330,0.056,2.79,17,3294139,1,0,2119,2018,12.86,49.6,62.9,76.2,40.7,3.42,22.95,10895.121,826.348,11721.469
San Diego,2019,1218551,0.055,2.78,16,3302865,1,0,2119,2019,31.05,48.1,60.6,73.2,41.8,2.66,20.32,10895.121,826.348,11721.469
San Diego,2020,3298634,0.056769,2.745166401441536,7,3298634,1,0,2119,2020,15.94,52.4,64.1,75.8,41.1,4.94,23.44,10895.121,826.348,11721.469
San Diego,2021,3286880,0.057102208,2.7378560104488447,10,3286880,1,0,2119,2021,15,52.8,63.4,74,42.5,4.42,20.82,10895.121,826.348,11721.469
San Diego,2022,3278730,0.056663994,2.695026395369335,10,3278730,1,0,2119,2022,11.79,53.7,64,74.4,42.2,4.78,21.32,10895.121,826.348,11721.469
San Diego,2023,3290423,0.056721982,2.6795505667273583,9,3290423,1,0,2119,2023,28.31,52.2,61.5,70.9,44.5,3.48,17.42,10895.121,826.348,11721.469
San Diego,2024,3291101,0.055905705,2.6552870977208256,24,3291101,1,0,2119,2024,17.11,43.6,62.24,91.8,48.85,0.14,34.36,10895.121,826.348,11721.469
San Franciscoo,2013,379459,0.082,2.33,0,839556,0,0,472,2013,6.4,48.6,56.4,64.2,44.2,1.4,10.19,121.4,479.19,600.59
San Franciscoo,2014,382067,0.083,2.34,0,846661,0,0,472,2014,29.92,51.6,59,66.4,48.2,1.12,9.7,121.4,479.19,600.59
San Franciscoo,2015,385812,0.084,2.34,0,855489,0,0,472,2015,11.87,51.3,58.7,66.1,47.5,1.22,10.27,121.4,479.19,600.59
San Franciscoo,2016,388891,0.084,2.34,0,861977,0,0,472,2016,29.81,50.7,57.7,64.7,47.6,1.06,8.95,121.4,479.19,600.59
San Franciscoo,2017,394236,0.084,2.32,0,867378,0,0,472,2017,31.39,50.6,57.9,65.3,46.3,1.24,10.57,121.4,479.19,600.59
San Franciscoo,2018,398931,0.084,2.31,0,872724,0,0,472,2018,23.44,50.3,57.2,64,46.2,1.27,8.41,121.4,479.19,600.59
San Franciscoo,2019,401451,0.085,2.29,0,872219,0,0,472,2019,32.28,50.9,57.7,64.5,47.1,1.47,9.34,121.4,479.19,600.59
San Franciscoo,2020,873965,0.085525345,2.2620861581655016,0,873965,0,0,472,2020,9.83,51.1,58.5,65.8,46.9,1.48,10.62,121.4,479.19,600.59
San Franciscoo,2021,855338,0.090850228,2.218869813866815,0,855338,0,0,472,2021,26.53,50.3,56.6,63,47.6,1.21,8.13,121.4,479.19,600.59
San Franciscoo,2022,840575,0.085746757,2.134230874575985,0,840575,0,0,472,2022,17.89,50,57,63.9,47.6,1.28,9.31,121.4,479.19,600.59
San Franciscoo,2023,842224,0.086643437,2.122942578094316,0,842224,0,0,472,2023,36.53,49.9,56.3,62.8,48.2,1.05,7.95,121.4,479.19,600.59
San Franciscoo,2024,843071,0.086642754,2.112247715,0,843071,0,0,472,2024,19.89,47.2,56.02,69.6,48.96,0.49,10.97,121.4,479.19,600.59
San Joaquin,2013,236344,0.068,3.14,1,705545,1,0,10,2013,5.31,46.9,61,75.1,42.4,1.97,22.44,3603.506,91.109,3694.615
San Joaquin,2014,237527,0.064,3.14,0,712387,1,0,10,2014,16.01,50.2,63.6,77,45.9,1.83,23.28,3603.506,91.109,3694.615
San Joaquin,2015,238635,0.062,3.16,0,724185,1,0,10,2015,7.51,49.4,63.1,76.7,45.4,1.89,23.56,3603.506,91.109,3694.615
San Joaquin,2016,240281,0.055,3.17,1,735670,1,0,10,2016,19.95,49.3,62.7,76,46.5,1.42,22.23,3603.506,91.109,3694.615
San Joaquin,2017,242043,0.052,3.18,0,747119,1,0,10,2017,20.02,49.3,62.8,76.3,46.4,2.41,22.69,3603.506,91.109,3694.615
San Joaquin,2018,244588,0.047,3.17,2,755573,1,0,10,2018,14.92,48.3,62.3,76.2,45.1,1.53,22.79,3603.506,91.109,3694.615
San Joaquin,2019,247835,0.043,3.16,3,767324,1,0,10,2019,18.03,49.2,62.3,75.4,46.5,1.67,22.02,3603.506,91.109,3694.615
San Joaquin,2020,779233,0.041097143,3.154782493291694,2,779233,1,0,10,2020,5.92,49.2,63.4,77.7,46,1.87,24.8,3603.506,91.109,3694.615
San Joaquin,2021,780320,0.041373205,3.130991031666222,1,780320,1,0,10,2021,15.44,48,61.6,75.2,46.8,1.48,21.79,3603.506,91.109,3694.615
San Joaquin,2022,782163,0.040991468,3.0904475192263487,0,782163,1,0,10,2022,9.7,47.6,61.8,76.1,45.9,1.62,23.34,3603.506,91.109,3694.615
San Joaquin,2023,783903,0.040946169,3.045592970323727,0,783903,1,0,10,2023,21.17,49,61.2,73.5,48.1,1.33,19.87,3603.506,91.109,3694.615
San Joaquin,2024,791408,0.04088749,3.046372202591284,7,791408,1,0,10,2024,12.49,44.3,64.85,97.7,48.88,0.25,47.04,3603.506,91.109,3694.615
San Luis Obispo,2013,118405,0.126,2.5,6,275482,1,0,1844,2013,4.29,42.4,60.2,78,35.8,2.79,28.46,8543.248,820.975,9364.223
San Luis Obispo,2014,118988,0.126,2.52,1,278272,1,0,1844,2014,15.34,45.4,62.8,80.2,38.2,3.06,30.16,8543.248,820.975,9364.223
San Luis Obispo,2015,119642,0.127,2.52,2,279620,1,0,1844,2015,9.06,42.4,60.4,78.3,39.7,1.87,27.18,8543.248,820.975,9364.223
San Luis Obispo,2016,120242,0.126,2.52,4,281046,1,0,1844,2016,19.31,40.5,58.4,76.2,40,1.42,25.19,8543.248,820.975,9364.223
San Luis Obispo,2017,120972,0.127,2.52,24,282284,1,0,1844,2017,28.01,41.4,58.9,76.4,40,1.35,25.45,8543.248,820.975,9364.223
San Luis Obispo,2018,121573,0.128,2.51,14,282754,1,0,1844,2018,20.71,39.9,58.2,76.5,38.8,1.35,25.66,8543.248,820.975,9364.223
San Luis Obispo,2019,122711,0.128,2.49,9,282935,1,0,1844,2019,36.16,40.9,57.5,74.2,40.8,1.06,22.95,8543.248,820.975,9364.223
San Luis Obispo,2020,282424,0.128666694,2.465560266055641,17,282424,1,0,1844,2020,13.47,39.6,58.2,76.7,40.5,1.18,25.85,8543.248,820.975,9364.223
San Luis Obispo,2021,278737,0.128018527,2.455776164962144,1,278737,1,0,1844,2021,21.62,43.8,60.4,76.9,39.9,2.1,26.68,8543.248,820.975,9364.223
San Luis Obispo,2022,279439,0.1284490809102301,2.4093082037474587,4,279439,1,0,1844,2022,13.14,42.3,59.9,77.5,39.5,2.24,27.41,8543.248,820.975,9364.223
San Luis Obispo,2023,279818,0.1280795982065053,2.3903476096160485,6,279818,1,0,1844,2023,40.34,44.3,58.5,72.8,42.6,1.62,21.22,8543.248,820.975,9364.223
San Luis Obispo,2024,278469,0.1278642796356416,2.3725571688004266,14,278469,1,0,1844,2024,18.1,40.4,60.45,95.4,44.55,0.24,46.95,8543.248,820.975,9364.223
San Mateo,2013,273287,0.051,2.84,1,745842,1,0,827,2013,8.16,46.7,56.5,66.3,41.2,1.71,12.89,1161.372,757.704,1919.076
San Mateo,2014,274612,0.051,2.85,0,751906,1,0,827,2014,31.71,49.7,59.1,68.4,44.9,1.56,12.79,1161.372,757.704,1919.076
San Mateo,2015,275962,0.05,2.86,0,758673,1,0,827,2015,17.17,49.6,58.7,67.8,44.8,1.53,12.65,1161.372,757.704,1919.076
San Mateo,2016,277656,0.051,2.86,0,763530,1,0,827,2016,35.64,48.8,57.7,66.6,45.6,1.17,10.98,1161.372,757.704,1919.076
San Mateo,2017,279079,0.051,2.85,1,765207,1,0,827,2017,38.58,48.8,58,67.1,43.8,1.61,12.63,1161.372,757.704,1919.076
San Mateo,2018,280204,0.051,2.85,0,766114,1,0,827,2018,25.88,47.9,57.1,66.3,43.7,1.3,11.36,1161.372,757.704,1919.076
San Mateo,2019,281678,0.051,2.83,1,765726,1,0,827,2019,36.25,48.5,57.3,66,45.1,1.36,11.36,1161.372,757.704,1919.076
San Mateo,2020,764442,0.050322003,2.8017014516530137,0,764442,1,0,827,2020,12.77,48.7,58.5,68.2,44.6,1.61,13.6,1161.372,757.704,1919.076
San Mateo,2021,756636,0.050316473,2.761503648286691,1,756636,1,0,827,2021,29.46,47.4,56.7,66,46.1,1.1,11.38,1161.372,757.704,1919.076
San Mateo,2022,742051,0.050315803,2.691140718760788,0,742051,1,0,827,2022,21.02,47.2,56.9,66.6,45.7,1.11,12.15,1161.372,757.704,1919.076
San Mateo,2023,745302,0.050305751,2.6903858248138883,0,745302,1,0,827,2023,45.34,47.6,55.8,63.9,46.7,0.95,9.64,1161.372,757.704,1919.076
San Mateo,2024,741565,0.050327488,2.6595941830972607,0,741565,1,0,827,2024,26.39,44.5,54.84,70.6,48.02,0.32,12.61,1161.372,757.704,1919.076
Santa Barbara,2013,153195,0.067,2.89,2,432485,1,1,2323,2013,6.52,54.1,63.8,73.5,36.9,6.37,21.19,7083.838,2729.829,9813.667
Santa Barbara,2014,153433,0.066,2.91,1,437066,1,1,2323,2014,19.21,56.1,65.7,75.3,39.1,6.73,22.32,7083.838,2729.829,9813.667
Santa Barbara,2015,153728,0.066,2.93,2,440902,1,1,2323,2015,6.98,55.7,65.2,74.6,40.2,5.88,21.56,7083.838,2729.829,9813.667
Santa Barbara,2016,154570,0.064,2.93,3,444102,1,1,2323,2016,21.45,55.5,64.8,74,40.1,5.89,21.4,7083.838,2729.829,9813.667
Santa Barbara,2017,155303,0.063,2.92,7,445716,1,1,2323,2017,26.39,55.4,64.8,74.1,40.1,6.05,21.19,7083.838,2729.829,9813.667
Santa Barbara,2018,156022,0.063,2.91,7,447377,1,1,2323,2018,20.85,55.5,64.5,73.6,39.5,6.11,20.67,7083.838,2729.829,9813.667
Santa Barbara,2019,157186,0.062,2.88,4,447907,1,1,2323,2019,42.35,53.8,62.4,71,41,5.24,18.2,7083.838,2729.829,9813.667
Santa Barbara,2020,448229,0.062712046,2.8720079809643217,4,448229,1,1,2323,2020,17.9,55.6,64.6,73.6,40.1,6.78,20.99,7083.838,2729.829,9813.667
Santa Barbara,2021,441552,0.06260672,2.8741118247021555,2,441552,1,1,2323,2021,27.39,54.1,63.5,72.8,41.9,5.64,19.57,7083.838,2729.829,9813.667
Santa Barbara,2022,443074,0.062638384,2.805748885488057,1,443074,1,1,2323,2022,16.24,54.9,63.7,72.6,41.5,6.07,20.27,7083.838,2729.829,9813.667
Santa Barbara,2023,442342,0.062623873,2.779781294393604,3,442342,1,1,2323,2023,53.56,52.2,60.1,68,43,4.44,15.42,7083.838,2729.829,9813.667
Santa Barbara,2024,443623,0.062951471,2.7783863492732253,6,443623,1,1,2323,2024,31.54,43.7,60.22,87.3,45.25,0.84,34.47,7083.838,2729.829,9813.667
Santa Clara,2013,643082,0.045,2.98,2,1861489,1,0,699,2013,3.56,47.2,59.3,71.4,41.4,2.14,18.04,3341.343,36.175,3377.518
Santa Clara,2014,649539,0.045,2.98,0,1883691,1,0,699,2014,18.98,50.2,61.7,73.2,44.7,2.25,18.8,3341.343,36.175,3377.518
Santa Clara,2015,658067,0.045,2.98,0,1907380,1,0,699,2015,11.35,49.4,60.9,72.4,44.6,1.99,17.91,3341.343,36.175,3377.518
Santa Clara,2016,664632,0.045,2.97,4,1923243,1,0,699,2016,21.17,49.2,60.3,71.4,45.2,1.91,16.05,3341.343,36.175,3377.518
Santa Clara,2017,670359,0.046,2.96,8,1930897,1,0,699,2017,25.96,49.5,60.8,72.1,43.8,2.35,18.19,3341.343,36.175,3377.518
Santa Clara,2018,677666,0.046,2.93,9,1936569,1,0,699,2018,13.83,48.3,60.1,71.8,43.3,2.17,17.9,3341.343,36.175,3377.518
Santa Clara,2019,682347,0.046,2.91,11,1936821,1,0,699,2019,25.39,49.3,60.2,71,44.7,1.94,16.95,3341.343,36.175,3377.518
Santa Clara,2020,1936259,0.046468566,2.8884070584684705,7,1936259,1,0,699,2020,9.95,48.9,61.3,73.7,44.1,2.31,20.22,3341.343,36.175,3377.518
Santa Clara,2021,1913779,0.047611758,2.856150465693931,2,1913779,1,0,699,2021,19.74,47.6,60,72.4,44,1.78,18.98,3341.343,36.175,3377.518
Santa Clara,2022,1895752,0.046590526,2.792521503951426,0,1895752,1,0,699,2022,12.02,47.3,60.4,73.6,43.3,2.05,20.44,3341.343,36.175,3377.518
Santa Clara,2023,1902799,0.046782859,2.782207474290397,2,1902799,1,0,699,2023,27,47.7,59.2,70.7,45.6,1.34,16.76,3341.343,36.175,3377.518
Santa Clara,2024,1903198,0.046815259,2.7663433990820847,4,1903198,1,0,699,2024,16.77,42.6,60.5,91.8,47.75,0.3,37.72,3341.343,36.175,3377.518
Santa Cruz,2013,104885,0.093,2.69,0,269714,1,0,220,2013,5.34,45.5,56.3,67.1,42.9,1.17,12.72,1152.986,419.569,1572.555
Santa Cruz,2014,105103,0.093,2.7,0,271559,1,0,220,2014,32.29,48.9,58.5,68.2,46.2,1.29,12.19,1152.986,419.569,1572.555
Santa Cruz,2015,105291,0.094,2.72,0,274207,1,0,220,2015,16.73,48.1,58.5,69,45.7,1.23,13.35,1152.986,419.569,1572.555
Santa Cruz,2016,105464,0.092,2.72,0,275625,1,0,220,2016,40.12,48.1,58.6,69.2,46.4,1.06,12.01,1152.986,419.569,1572.555
Santa Cruz,2017,105599,0.092,2.71,1,275410,1,0,220,2017,45.37,48.3,58.8,69.2,46.5,0.91,13.21,1152.986,419.569,1572.555
Santa Cruz,2018,105758,0.093,2.69,2,274274,1,0,220,2018,26.45,47.5,57.7,67.8,46,0.91,11.93,1152.986,419.569,1572.555
Santa Cruz,2019,106088,0.093,2.66,1,272618,1,0,220,2019,49.77,48.5,58.2,67.9,47.1,1,11.91,1152.986,419.569,1572.555
Santa Cruz,2020,270861,0.094823452,2.643656309408795,1,270861,1,0,220,2020,15.55,47.7,58.3,68.8,47.1,0.93,13.22,1152.986,419.569,1572.555
Santa Cruz,2021,265533,0.094812718,2.6689413787033107,5,265533,1,0,220,2021,32.6,46.9,56.7,66.4,47.6,0.84,10.85,1152.986,419.569,1572.555
Santa Cruz,2022,264495,0.094804915,2.570413871,1,264495,1,0,220,2022,23.82,46.1,57.2,68.3,46.7,0.75,13.06,1152.986,419.569,1572.555
Santa Cruz,2023,263338,0.09478841,2.548527425855866,0,263338,1,0,220,2023,47.46,47.2,56.2,65.2,47.9,0.62,9.87,1152.986,419.569,1572.555
Santa Cruz,2024,262572,0.094687642,2.5291141059459905,0,262572,1,0,220,2024,26,44.1,56.97,74.5,49.72,0.25,14,1152.986,419.569,1572.555
Shasta,2013,78189,0.088,2.49,5,180106,1,0,1657,2013,16.01,47.6,61.7,75.8,34.9,4.36,26.72,9778.247,186.531,9964.778
Shasta,2014,78428,0.087,2.48,9,180826,1,0,1657,2014,56.95,50.3,63,75.8,37.9,4.58,26.67,9778.247,186.531,9964.778
Shasta,2015,78675,0.086,2.48,7,181253,1,0,1657,2015,29.2,50.1,63.1,76.1,38.3,4.25,26.7,9778.247,186.531,9964.778
Shasta,2016,79051,0.087,2.45,5,180374,1,0,1657,2016,74.61,49.6,61.5,73.3,40.2,3.72,23.83,9778.247,186.531,9964.778
Shasta,2017,79321,0.086,2.45,10,180810,1,0,1657,2017,63.76,49.2,61.6,74,38.8,4.08,25.37,9778.247,186.531,9964.778
Shasta,2018,79641,0.085,2.45,16,181792,1,0,1657,2018,40.71,49,61.8,74.6,37.3,4.31,25.37,9778.247,186.531,9964.778
Shasta,2019,79035,0.084,2.46,9,181573,1,0,1657,2019,66.37,48.3,60.5,72.6,39,3.67,23.25,9778.247,186.531,9964.778
Shasta,2020,182155,0.082438901,2.452193970014828,6,182155,1,0,1657,2020,29,49.1,62.4,75.7,38.1,4.5,26.93,9778.247,186.531,9964.778
Shasta,2021,181483,0.082926707,2.4358911229653946,11,181483,1,0,1657,2021,45.77,48.6,62,75.4,38,4.3,27.88,9778.247,186.531,9964.778
Shasta,2022,180206,0.082501722,2.4131502811288827,4,180206,1,0,1657,2022,30.34,48,61.9,75.8,36.6,4.63,27.97,9778.247,186.531,9964.778
Shasta,2023,179122,0.082557255,2.3886722200328854,3,179122,1,0,1657,2023,60.23,47.3,59.6,71.8,40.4,3.1,22.8,9778.247,186.531,9964.778
Shasta,2024,179195,0.082517344,2.3775024348014284,7,179195,1,0,1657,2024,40.4,38.2,61.5,99.2,42.65,0.28,54.48,9778.247,186.531,9964.778
Sierra,2013,2264,0.342,2.14,0,3225,0,0,1657,2013,16.01,47.6,61.7,75.8,34.9,4.36,26.72,2468.814,23.299,2492.113
Sierra,2014,2244,0.337,2.14,0,3218,0,0,1657,2014,56.95,50.3,63,75.8,37.9,4.58,26.67,2468.814,23.299,2492.113
Sierra,2015,2222,0.329,2.13,0,3214,0,0,1657,2015,29.2,50.1,63.1,76.1,38.3,4.25,26.7,2468.814,23.299,2492.113
Sierra,2016,2201,0.333,2.17,0,3222,0,0,1657,2016,74.61,49.6,61.5,73.3,40.2,3.72,23.83,2468.814,23.299,2492.113
Sierra,2017,2183,0.328,2.18,2,3236,0,0,1657,2017,63.76,49.2,61.6,74,38.8,4.08,25.37,2468.814,23.299,2492.113
Sierra,2018,2161,0.33,2.22,0,3243,0,0,1657,2018,40.71,49,61.8,74.6,37.3,4.31,25.37,2468.814,23.299,2492.113
Sierra,2019,2145,0.326,2.22,0,3241,0,0,1657,2019,66.37,48.3,60.5,72.6,39,3.67,23.25,2468.814,23.299,2492.113
Sierra,2020,3236,0.315467795,2.2005494505494507,3,3236,0,0,1657,2020,29,49.1,62.4,75.7,38.1,4.5,26.93,2468.814,23.299,2492.113
Sierra,2021,3225,0.3339596054485674,2.2517630465444287,0,3225,0,0,1657,2021,45.77,48.6,62,75.4,38,4.3,27.88,2468.814,23.299,2492.113
Sierra,2022,3205,0.316752698,2.179258241758242,0,3205,0,0,1657,2022,30.34,48,61.9,75.8,36.6,4.63,27.97,2468.814,23.299,2492.113
Sierra,2023,3187,0.3200934579439252,2.1683848797250858,0,3187,0,0,1657,2023,60.23,47.3,59.6,71.8,40.4,3.1,22.8,2468.814,23.299,2492.113
Sierra,2024,3171,0.3202431042543244,2.1588720770288856,1,3171,0,0,1657,2024,40.4,38.2,61.5,99.2,42.65,0.28,54.48,2468.814,23.299,2492.113
Siskiyou,2013,23654,0.179,2.27,2,44726,0,0,2779,2013,8.21,38,52.5,67,32.2,2.14,20.16,16259.652,179.889,16439.542
Siskiyou,2014,23547,0.176,2.27,4,44674,0,0,2779,2014,19.53,41.9,55.6,69.3,34.8,2.53,21.42,16259.652,179.889,16439.542
Siskiyou,2015,23320,0.173,2.28,3,44550,0,0,2779,2015,19.02,42,55.7,69.4,35.3,2.52,21.2,16259.652,179.889,16439.542
Siskiyou,2016,23228,0.171,2.28,6,44497,0,0,2779,2016,25.77,41.2,54.1,67.1,35.4,2.16,19.66,16259.652,179.889,16439.542
Siskiyou,2017,23157,0.169,2.27,16,44377,0,0,2779,2017,19.87,40.3,53.4,66.5,34.6,2.18,19.77,16259.652,179.889,16439.542
Siskiyou,2018,23121,0.167,2.27,10,44315,0,0,2779,2018,13.56,39.8,53.7,67.6,33.5,2.16,20.23,16259.652,179.889,16439.542
Siskiyou,2019,23003,0.164,2.27,9,44273,0,0,2779,2019,15.02,39.4,52.5,65.6,34.8,1.85,18.18,16259.652,179.889,16439.542
Siskiyou,2020,44076,0.161803829,2.257765752640616,5,44076,0,0,2779,2020,9.1,37.8,52.5,67.3,35,1.61,19.17,16259.652,179.889,16439.542
Siskiyou,2021,43905,0.1616588897126161,2.257490637,9,43905,0,0,2779,2021,11.14,39.3,53,66.7,36.1,2.02,19.37,16259.652,179.889,16439.542
Siskiyou,2022,43571,0.1617761284197808,2.213281853281853,15,43571,0,0,2779,2022,12.07,37.9,52.5,67,34.8,1.75,19.41,16259.652,179.889,16439.542
Siskiyou,2023,43479,0.1616557546519641,2.202692287930946,2,43479,0,0,2779,2023,14.04,38.7,51.8,65,36.8,1.53,17.21,16259.652,179.889,16439.542
Siskiyou,2024,43409,0.1616292086454834,2.196795398520953,8,43409,0,0,2779,2024,10.25,32,55.15,95.6,38.19,0.47,48.11,16259.652,179.889,16439.542
Solano,2013,154540,0.06,2.83,1,423373,1,0,39,2013,5.36,46.4,60.2,74,42.3,1.44,20.54,2128.361,218.666,2347.027
Solano,2014,155354,0.057,2.85,1,428671,1,0,39,2014,23.34,49.9,62.6,75.2,46.6,1.16,20.11,2128.361,218.666,2347.027
Solano,2015,156155,0.055,2.86,2,433545,1,0,39,2015,8.28,49.1,61.8,74.6,45,1.71,20.4,2128.361,218.666,2347.027
Solano,2016,157233,0.05,2.86,1,438420,1,0,39,2016,23.2,48.8,61.2,73.6,46,1.33,18.96,2128.361,218.666,2347.027
Solano,2017,158556,0.047,2.87,3,444713,1,0,39,2017,28.95,48.8,61.3,73.8,44.8,1.66,20.04,2128.361,218.666,2347.027
Solano,2018,159930,0.043,2.85,3,447744,1,0,39,2018,17.48,47.6,60.7,73.9,44.1,1.52,19.7,2128.361,218.666,2347.027
Solano,2019,160873,0.04,2.84,5,450545,1,0,39,2019,27.89,48.3,61.3,74.2,45.2,1.61,20.64,2128.361,218.666,2347.027
Solano,2020,453491,0.038912209,2.8329955619404323,4,453491,1,0,39,2020,6.55,48.5,62.7,77,44.2,2,24.42,2128.361,218.666,2347.027
Solano,2021,450122,0.038834832,2.813414712085384,0,450122,1,0,39,2021,21.26,48.3,61.8,75.3,45.4,1.67,22.74,2128.361,218.666,2347.027
Solano,2022,447027,0.039433525,2.7753431621759024,3,447027,1,0,39,2022,10.66,47.7,61.7,75.7,44.8,1.77,23.5,2128.361,218.666,2347.027
Solano,2023,445506,0.038680829,2.7448427129882327,1,445506,1,0,39,2023,26.24,48.4,60.4,72.3,46.6,1.48,18.48,2128.361,218.666,2347.027
Solano,2024,446426,0.038966494,2.7199398109414217,6,446426,1,0,39,2024,13.08,43.5,62.64,93.2,48.24,0.39,41.1,2128.361,218.666,2347.027
Sonoma,2013,205406,0.089,2.58,5,492751,1,0,938,2013,12.6,46.6,58.3,70,39.9,2.24,17.08,4081.43,497.53,4578.96
Sonoma,2014,205925,0.088,2.59,0,496615,1,0,938,2014,60.7,49.8,60.3,70.7,44,2.56,16.51,4081.43,497.53,4578.96
Sonoma,2015,206137,0.088,2.61,0,499963,1,0,938,2015,32.21,48.8,59.9,71,43.5,1.82,16.84,4081.43,497.53,4578.96
Sonoma,2016,206488,0.087,2.61,1,501553,1,0,938,2016,71.93,48.4,58.7,69.1,44.5,1.58,14.87,4081.43,497.53,4578.96
Sonoma,2017,206982,0.086,2.61,7,502454,1,0,938,2017,77.91,48.5,59.2,69.9,42.9,2.18,16.42,4081.43,497.53,4578.96
Sonoma,2018,202355,0.084,2.64,1,499410,1,0,938,2018,49.72,47.8,58.6,69.4,42.4,1.88,15.58,4081.43,497.53,4578.96
Sonoma,2019,203599,0.083,2.6,1,494708,1,0,938,2019,81.06,48.5,58.5,68.5,43.7,2.06,14.93,4081.43,497.53,4578.96
Sonoma,2020,488863,0.083231579,2.556608648861753,2,488863,1,0,938,2020,19.38,48.6,60,71.4,43.3,2.54,18.18,4081.43,497.53,4578.96
Sonoma,2021,484459,0.082071371,2.537766996475434,1,484459,1,0,938,2021,46.99,48.1,59.1,70.1,44.2,2.07,17.09,4081.43,497.53,4578.96
Sonoma,2022,479654,0.083382937,2.488889006214132,2,479654,1,0,938,2022,29.48,48.8,59.7,70.7,43.8,2.41,17.27,4081.43,497.53,4578.96
Sonoma,2023,479445,0.083041194,2.4659215887547004,0,479445,1,0,938,2023,72.72,48.2,57.9,67.5,46,1.56,13.54,4081.43,497.53,4578.96
Sonoma,2024,478152,0.082954113,2.437854588301246,6,478152,1,0,938,2024,40.33,43.5,59.58,87.8,47.55,0.24,31.35,4081.43,497.53,4578.96
Stanislaus,2013,179857,0.064,3.08,1,525173,1,0,69,2013,4.12,47.4,61.5,75.6,42.4,2.22,22.91,3871.583,51.437,3923.02
Stanislaus,2014,180097,0.06,3.08,0,528123,1,0,69,2014,12.21,50.7,63.9,77.2,45.1,2.41,23.91,3871.583,51.437,3923.02
Stanislaus,2015,180333,0.058,3.09,1,532534,1,0,69,2015,7.43,50.2,63.6,76.9,45.3,2.37,24.01,3871.583,51.437,3923.02
Stanislaus,2016,180675,0.051,3.1,1,537785,1,0,69,2016,15.75,50.8,63.9,77,45.9,2.22,24.03,3871.583,51.437,3923.02
Stanislaus,2017,181255,0.047,3.12,6,545273,1,0,69,2017,13.94,51.2,63.9,76.6,45.5,3.57,23.85,3871.583,51.437,3923.02
Stanislaus,2018,181780,0.041,3.11,1,548363,1,0,69,2018,12.08,49.9,63.1,76.3,44.9,2.23,23.08,3871.583,51.437,3923.02
Stanislaus,2019,182361,0.037,3.1,7,550947,1,0,69,2019,14.98,50.1,62.7,75.3,46.4,2.13,21.9,3871.583,51.437,3923.02
Stanislaus,2020,552878,0.034956864,3.0866254003100635,3,552878,1,0,69,2020,5.63,50.3,63.6,77,45.8,2.33,24.04,3871.583,51.437,3923.02
Stanislaus,2021,551342,0.03608663,3.077531207441188,1,551342,1,0,69,2021,13.6,49.9,63,76,46.1,2.35,23.67,3871.583,51.437,3923.02
Stanislaus,2022,548215,0.034983985,3.03920071,0,548215,1,0,69,2022,8.34,49.5,62.9,76.3,45.2,2.46,24.3,3871.583,51.437,3923.02
Stanislaus,2023,545753,0.035157471,3.005767856,0,545753,1,0,69,2023,17.55,49.6,61.9,74.2,47.6,1.69,20.58,3871.583,51.437,3923.02
Stanislaus,2024,548744,0.035150176,3.0072461352093267,6,548744,1,0,69,2024,12.22,43.7,65.09,98.8,48.64,0.29,48.33,3871.583,51.437,3923.02
Sutter,2013,33962,0.066,2.95,0,94496,0,0,36,2013,6.29,47.4,61.9,76.3,41.7,2.15,24.75,1560.236,15.747,1575.983
Sutter,2014,34068,0.062,2.95,0,95103,0,0,36,2014,20.24,50.7,64.2,77.7,45,2.2,25.22,1560.236,15.747,1575.983
Sutter,2015,34125,0.06,2.94,0,95421,0,0,36,2015,9.06,49.9,63.4,77,44.5,2.37,24.7,1560.236,15.747,1575.983
Sutter,2016,34187,0.055,2.95,1,96065,0,0,36,2016,21.88,50,62.9,75.7,45.7,1.98,23.06,1560.236,15.747,1575.983
Sutter,2017,34318,0.052,2.97,0,97649,0,0,36,2017,26.14,50.3,63.1,75.9,45.2,2.39,23.71,1560.236,15.747,1575.983
Sutter,2018,34339,0.048,3.01,1,99498,0,0,36,2018,19.28,48.5,62.2,76,44.3,1.9,23.12,1560.236,15.747,1575.983
Sutter,2019,34371,0.045,3.06,1,101531,0,0,36,2019,29.07,49.3,62.1,74.8,45.7,1.77,21.96,1560.236,15.747,1575.983
Sutter,2020,99633,0.041653381,2.981822031335068,0,99633,0,0,36,2020,7.25,49.2,63.3,77.4,44.5,2.31,25.68,1560.236,15.747,1575.983
Sutter,2021,99089,0.041646195,2.957629674306393,1,99089,0,0,36,2021,18.18,48.7,62.7,76.6,44.9,2.22,25.23,1560.236,15.747,1575.983
Sutter,2022,99153,0.041612708,2.947632345434345,0,99153,0,0,36,2022,10.88,47.8,62.7,77.7,43.9,2.22,26.97,1560.236,15.747,1575.983
Sutter,2023,98248,0.041597385,2.9096048577667437,0,98248,0,0,36,2023,23.29,48.7,61.5,74.3,47,1.58,21.29,1560.236,15.747,1575.983
Sutter,2024,100110,0.041590389,2.9568733958097058,0,100110,0,0,36,2024,13.17,43.9,64.71,99,49.15,0.4,48.48,1560.236,15.747,1575.983
Tehama,2013,27103,0.112,2.59,4,63257,1,0,335,2013,6.42,49.8,63.7,77.6,37.8,4.52,28.31,7639.71,32.276,7671.986
Tehama,2014,27151,0.11,2.57,2,63067,1,0,335,2014,28.88,52.5,65.4,78.2,41.5,4.33,27.9,7639.71,32.276,7671.986
Tehama,2015,27165,0.109,2.58,3,63405,1,0,335,2015,11.96,52,65.3,78.5,42.4,3.86,27.8,7639.71,32.276,7671.986
Tehama,2016,27226,0.102,2.58,6,64017,1,0,335,2016,32.69,52.1,64,76,43.8,3.5,25.2,7639.71,32.276,7671.986
Tehama,2017,27277,0.099,2.58,11,64304,1,0,335,2017,24.05,51.7,64.3,76.8,42.7,3.81,26.67,7639.71,32.276,7671.986
Tehama,2018,27340,0.094,2.58,14,64789,1,0,335,2018,22.84,50.7,63.9,77.2,41,3.94,26.93,7639.71,32.276,7671.986
Tehama,2019,27322,0.09,2.58,9,65030,1,0,335,2019,37.64,51.1,63.2,75.3,42.7,3.7,24.92,7639.71,32.276,7671.986
Tehama,2020,65829,0.088914085,2.6061421116017662,5,65829,1,0,335,2020,11.21,51.6,65.1,78.6,41.1,4.54,29.42,7639.71,32.276,7671.986
Tehama,2021,65336,0.091031766,2.590578983268467,4,65336,1,0,335,2021,21.31,51.8,64.4,77,41.7,4.38,27.9,7639.71,32.276,7671.986
Tehama,2022,64942,0.08908046,2.5629117917182445,5,64942,1,0,335,2022,13.61,50.9,64.3,77.6,39.7,5.03,28.72,7639.71,32.276,7671.986
Tehama,2023,64710,0.08944388,2.551028544091851,2,64710,1,0,335,2023,30.72,51,62.6,74.2,44.1,3.53,23.21,7639.71,32.276,7671.986
Tehama,2024,64308,0.08938082,2.531113233070741,10,64308,1,0,335,2024,19.36,42.3,65.46,101.6,46.28,0.33,58.9,7639.71,32.276,7671.986
Trinity,2013,8468,0.28,2.31,0,14442,0,0,4285,2013,15.65,41.4,53.1,64.8,30.3,3.3,16.59,8234.23,73.408,8307.638
Trinity,2014,8405,0.273,2.34,2,14692,0,0,4285,2014,42.97,43.6,54.7,65.7,32.9,3.37,17.08,8234.23,73.408,8307.638
Trinity,2015,8355,0.265,2.37,3,14906,0,0,4285,2015,32.22,43.9,54.9,66,33.4,3.42,17.52,8234.23,73.408,8307.638
Trinity,2016,8291,0.26,2.41,0,15136,0,0,4285,2016,57.57,41.9,52.5,63.1,34.2,2.76,15.63,8234.23,73.408,8307.638
Trinity,2017,8242,0.253,2.45,6,15381,0,0,4285,2017,51.16,42.1,52.7,63.2,33,3.21,16.2,8234.23,73.408,8307.638
Trinity,2018,8260,0.247,2.47,2,15642,0,0,4285,2018,32.18,42.5,53.2,64,31.6,3.57,16.44,8234.23,73.408,8307.638
Trinity,2019,8231,0.24,2.49,2,15898,0,0,4285,2019,53.74,41.2,51.5,61.7,33.6,2.76,14.55,8234.23,73.408,8307.638
Trinity,2020,16112,0.2313332518636197,2.5158982511923687,3,16112,0,0,4285,2020,20.97,43.1,54,64.9,32.9,3.68,17.41,8234.23,73.408,8307.638
Trinity,2021,16054,0.2441384443617417,2.5936320367634997,4,16054,0,0,4285,2021,37.47,41.6,52.5,63.3,33.4,3.36,16.68,8234.23,73.408,8307.638
Trinity,2022,15971,0.2317773339990014,2.5541835905767667,0,15971,0,0,4285,2022,25.94,41.5,52.2,62.9,32.9,3.3,16.81,8234.23,73.408,8307.638
Trinity,2023,15944,0.2340002485398284,2.543153796,2,15944,0,0,4285,2023,53.05,40.5,50.4,60.2,34.7,2.28,14.34,8234.23,73.408,8307.638
Trinity,2024,15915,0.2339688041594454,2.5308661926308984,1,15915,0,0,4285,2024,35.99,30.1,52.19,89.5,35.86,0.15,40.48,8234.23,73.408,8307.638
Tulare,2013,143442,0.073,3.37,2,453530,1,1,2503,2013,6.35,45.7,59.8,73.9,36.2,5.37,23.14,12494.658,37.392,12532.05
Tulare,2014,144138,0.071,3.36,0,455774,1,1,2503,2014,15.35,48.3,62.2,76.1,36.8,6.11,25,12494.658,37.392,12532.05
Tulare,2015,144988,0.069,3.35,3,458186,1,1,2503,2015,16.6,48.4,61.3,74.3,38.3,5.34,23.08,12494.658,37.392,12532.05
Tulare,2016,145851,0.066,3.34,4,461170,1,1,2503,2016,24.72,47,60.5,74,38.2,5.03,23.29,12494.658,37.392,12532.05
Tulare,2017,146808,0.064,3.33,12,463514,1,1,2503,2017,33.5,49.1,61.5,74,39.2,5.27,22.98,12494.658,37.392,12532.05
Tulare,2018,147878,0.062,3.32,5,466766,1,1,2503,2018,21.22,48.6,61.4,74.2,38.1,5.62,23.43,12494.658,37.392,12532.05
Tulare,2019,148975,0.059,3.31,7,469228,1,1,2503,2019,33.45,47.9,59.9,72,39,4.68,21.16,12494.658,37.392,12532.05
Tulare,2020,473117,0.057516661,3.2895758062357823,3,473117,1,1,2503,2020,13.51,51.3,62.4,73.6,39.4,6.32,22.7,12494.658,37.392,12532.05
Tulare,2021,474000,0.057689274,3.266609476782302,8,474000,1,1,2503,2021,16.98,51,62.3,73.7,39.5,6.5,23.06,12494.658,37.392,12532.05
Tulare,2022,474624,0.057318321,3.242944182797707,5,474624,1,1,2503,2022,15.02,49.9,61,72.2,40.2,5.41,21.2,12494.658,37.392,12532.05
Tulare,2023,474680,0.05727288,3.216644495947558,3,474680,1,1,2503,2023,39.46,49.8,59.8,69.9,43,3.72,17.54,12494.658,37.392,12532.05
Tulare,2024,478918,0.05718607,3.2045919127103386,11,478918,1,1,2503,2024,18.68,39.7,62.42,97.7,46.1,0.39,47.2,12494.658,37.392,12532.05
Tuolumne,2013,31208,0.289,2.31,3,55109,1,1,6152,2013,14.37,38.6,49.8,60.9,25.2,3.76,15.37,5752.063,138.684,5890.746
Tuolumne,2014,31231,0.286,2.31,3,55315,1,1,6152,2014,35.5,41.1,52,62.8,27.2,4.09,16.09,5752.063,138.684,5890.746
Tuolumne,2015,31261,0.286,2.3,3,54956,1,1,6152,2015,34.06,40.6,51.3,62,28.1,3.89,15.42,5752.063,138.684,5890.746
Tuolumne,2016,31258,0.285,2.31,3,55303,1,1,6152,2016,55.7,39.9,50.6,61.4,27.7,4.07,15.45,5752.063,138.684,5890.746
Tuolumne,2017,31274,0.284,2.3,5,55133,1,1,6152,2017,73.13,40,50.7,61.3,28.9,3.75,15.25,5752.063,138.684,5890.746
Tuolumne,2018,31341,0.28,2.28,3,55213,1,1,6152,2018,41,39.8,50.9,61.9,27.1,4.16,15.69,5752.063,138.684,5890.746
Tuolumne,2019,31363,0.277,2.27,2,55074,1,1,6152,2019,60.31,38.2,48.6,59,28.8,3.21,13.48,5752.063,138.684,5890.746
Tuolumne,2020,55620,0.2770650962915805,2.2773105543569194,3,55620,1,1,6152,2020,22.52,40.9,51.9,62.8,27.5,4.4,16.59,5752.063,138.684,5890.746
Tuolumne,2021,54827,0.2824524581822807,2.292235419251906,2,54827,1,1,6152,2021,41.06,41.8,52.3,62.8,28.9,4.3,16.81,5752.063,138.684,5890.746
Tuolumne,2022,54500,0.2772983947719053,2.252578903472192,3,54500,1,1,6152,2022,31.09,40.5,51.1,61.6,29.2,3.85,15.65,5752.063,138.684,5890.746
Tuolumne,2023,54626,0.2782297635252778,2.243640350877193,2,54626,1,1,6152,2023,63.18,39.1,48,56.9,31.3,2.59,11.71,5752.063,138.684,5890.746
Tuolumne,2024,54407,0.2782465788059796,2.235407452817796,8,54407,1,1,6152,2024,35,27.9,50.41,82.4,34.2,0.48,27.66,5752.063,138.684,5890.746
Ventura,2013,284073,0.052,3.08,1,841501,1,1,827,2013,4.75,48.5,61.8,75.2,40.9,2,20.79,4773.692,945.992,5719.684
Ventura,2014,285153,0.05,3.08,0,846456,1,1,827,2014,13.52,50.5,63.9,77.4,43.1,2.07,22.16,4773.692,945.992,5719.684
Ventura,2015,286638,0.05,3.08,1,849950,1,1,827,2015,6.57,49.9,63.7,77.4,44,1.77,22.28,4773.692,945.992,5719.684
Ventura,2016,288076,0.049,3.06,4,851155,1,1,827,2016,13.94,49.3,63,76.7,43.7,1.63,21.81,4773.692,945.992,5719.684
Ventura,2017,289236,0.048,3.04,2,850424,1,1,827,2017,15.1,50.7,63.9,77.1,44.6,1.67,21.54,4773.692,945.992,5719.684
Ventura,2018,289907,0.048,3.04,3,850604,1,1,827,2018,13.45,49.6,63.1,76.6,44.1,1.51,21.3,4773.692,945.992,5719.684
Ventura,2019,291141,0.047,3.01,6,847064,1,1,827,2019,30.21,48.9,61.3,73.7,44.6,1.39,18.39,4773.692,945.992,5719.684
Ventura,2020,843843,0.045601883,2.969779954596643,4,843843,1,1,827,2020,10.34,50.3,62.9,75.5,44.4,2.39,20.46,4773.692,945.992,5719.684
Ventura,2021,839916,0.046317352,2.957394253078708,2,839916,1,1,827,2021,14.44,49.7,61.4,73.1,45.8,2.11,18.24,4773.692,945.992,5719.684
Ventura,2022,831531,0.045886457,2.9107204400024163,1,831531,1,1,827,2022,8.2,50.4,62.5,74.6,45.8,2.51,19.52,4773.692,945.992,5719.684
Ventura,2023,825960,0.045733802,2.871824195062722,1,825960,1,1,827,2023,42.91,49.7,60.1,70.5,48,1.47,14.71,4773.692,945.992,5719.684
Ventura,2024,823863,0.045710104,2.855678624566044,3,823863,1,1,827,2024,24.25,43.8,60.06,84.7,51.1,0.2,24.01,4773.692,945.992,5719.684
Yolo,2013,75081,0.053,2.75,1,206386,0,0,128,2013,5.1,48,62.6,77.2,40.9,2.63,25.38,2628.032,22.969,2651.002
Yolo,2014,75576,0.048,2.73,1,206708,0,0,128,2014,19.83,51.5,65.2,78.9,44.5,2.74,26.57,2628.032,22.969,2651.002
Yolo,2015,76051,0.049,2.73,0,208343,0,0,128,2015,7.97,50.5,64.3,78.2,44,2.8,26.09,2628.032,22.969,2651.002
Yolo,2016,76853,0.046,2.73,3,211938,0,0,128,2016,20.84,50.5,63.6,76.7,45,2.49,24.26,2628.032,22.969,2651.002
Yolo,2017,77597,0.046,2.72,1,214387,0,0,128,2017,29.77,50.4,63.4,76.5,44.6,2.59,23.84,2628.032,22.969,2651.002
Yolo,2018,78450,0.044,2.7,2,215708,0,0,128,2018,17.32,48.5,62.6,76.6,43.8,2.04,23.84,2628.032,22.969,2651.002
Yolo,2019,79155,0.044,2.67,3,215874,0,0,128,2019,30.38,49.7,62.6,75.5,45.6,1.96,22.7,2628.032,22.969,2651.002
Yolo,2020,216403,0.044819674,2.6515915084732486,0,216403,0,0,128,2020,6.11,49.6,63.9,78.1,44.2,2.58,26.31,2628.032,22.969,2651.002
Yolo,2021,214911,0.045482566,2.6743822575853478,1,214911,0,0,128,2021,19.08,49.3,63.4,77.5,44.5,2.47,26.16,2628.032,22.969,2651.002
Yolo,2022,220176,0.044773934,2.607095405999285,1,220176,0,0,128,2022,11.3,49.2,63.7,78.2,43.7,2.67,27.46,2628.032,22.969,2651.002
Yolo,2023,220454,0.044762661,2.578333270399879,0,220454,0,0,128,2023,27.27,49.2,61.9,74.7,46.5,1.91,21.85,2628.032,22.969,2651.002
Yolo,2024,221666,0.044707085,2.5584680681577736,0,221666,0,0,128,2024,14.92,43.2,64.9,99.9,48.49,0.32,51.5,2628.032,22.969,2651.002
Yuba,2013,27828,0.113,2.94,1,74114,0,0,528,2013,8.65,49.2,62.1,75.1,41.7,3.07,22.55,1636.454,30.999,1667.453
Yuba,2014,27909,0.099,2.91,0,74755,0,0,528,2014,31.44,52.7,64.6,76.4,44.8,3.4,22.9,1636.454,30.999,1667.453
Yuba,2015,28070,0.1,2.91,2,75374,0,0,528,2015,15.35,51.7,63.8,75.9,44.6,3.38,22.34,1636.454,30.999,1667.453
Yuba,2016,28245,0.099,2.92,1,76245,0,0,528,2016,37.06,51.7,63.1,74.4,45.7,2.96,20.7,1636.454,30.999,1667.453
Yuba,2017,28487,0.095,2.93,6,77751,0,0,528,2017,41.39,52.5,63.6,74.7,45.7,3.23,21.24,1636.454,30.999,1667.453
Yuba,2018,28532,0.085,2.94,0,78751,0,0,528,2018,29.04,50.5,62.7,74.9,43.5,3.14,21.75,1636.454,30.999,1667.453
Yuba,2019,28884,0.082,2.92,4,79619,0,0,528,2019,39.88,50.9,62.3,73.6,44.5,3.03,20.93,1636.454,30.999,1667.453
Yuba,2020,81575,0.083169258,2.9311315165876777,5,81575,0,0,528,2020,13.31,51.4,63.7,75.9,43.4,3.94,23.84,1636.454,30.999,1667.453
Yuba,2021,81917,0.078593519,2.912513681138271,5,81917,0,0,528,2021,29.86,51.3,63.4,75.5,43.6,4.03,24.5,1636.454,30.999,1667.453
Yuba,2022,82234,0.083504336,2.8950200426131234,4,82234,0,0,528,2022,20.34,51.4,63.9,76.4,42.7,4.52,25.58,1636.454,30.999,1667.453
Yuba,2023,82814,0.082575341,2.848352268717804,3,82814,0,0,528,2023,32.02,51.2,62.2,73.2,45.3,3.49,20.98,1636.454,30.999,1667.453
Yuba,2024,83721,0.083518507,2.8295521457517925,3,83721,0,0,528,2024,20.63,44.2,64.82,99.4,47.46,0.65,52.48,1636.454,30.999,1667.453
